source_id,ra,dec,parallax,parallax_error,pmra,pmdec,phot_g_mean_mag,bp_rp,ruwe
64972414125448064,56.32116650198105,23.25433688219035,4.193212952692779,0.036154885,6.337945248484462,-12.66682055839001,15.326252,2.0359325,1.0672973
64950114655260416,57.302058663130076,23.602521459526535,3.981908478909196,0.027792107,42.33309423945799,-30.731398143612275,14.931669,1.8578587,1.0443597
65224820763573888,56.62561512550951,24.083801314566006,6.540211237201235,0.055641763,31.03004190556367,-37.732014665446826,16.00097,2.4970388,0.94777334
65013474012743936,56.92168447899226,23.740085880970906,7.415330238219003,0.01706705,19.389676621809908,-44.41979686439394,13.317822,1.6477528,1.0288638
64941211186036352,57.14388698332008,23.434590988620933,7.380077777631508,0.01621292,19.371696632671146,-45.077613013343736,10.21041,0.7898922,0.95619994
65212932294091264,56.788355136999364,24.05197806630918,7.303127989157264,0.042878542,19.443262497972405,-43.83037106514393,15.380993,2.5782223,0.98439646
65240248286055552,55.934218662159765,23.93489260444486,3.1423274535911387,0.13084023,7.7475965702761735,-17.197650416783254,17.804358,2.8606377,1.0058204
65008388771477120,56.71926880123131,23.645138846504032,7.263568493862063,0.063897744,19.341465818406746,-45.10348228374381,16.497435,3.2339296,1.0335654
65244749411766528,56.14763096345229,24.001134217971668,7.328443682577038,0.018997936,21.423837772886003,-45.87308933879669,13.679698,1.8219137,1.1517475
65003612767849600,56.7617284143543,23.538823140622817,4.358377713652567,0.07449014,-26.81517945339256,-24.91599328035563,17.005583,2.7469044,1.0218027
65210389673469312,56.73249284036852,23.93987222950905,7.0041880075101695,0.08309373,19.462720083764125,-42.19345694470355,16.523058,3.149763,1.2676601
65206674525036672,56.75155954236713,23.87989483651996,7.258803479406005,0.12227168,19.58388880290639,-45.499123808652925,17.452063,3.6358585,1.0392975
65289004754691200,55.98874523518619,24.22217609900833,7.511405170900618,0.05730281,20.996867317412804,-44.783064841288336,16.33304,2.9795141,1.0448743
65215436257939712,56.38128455644605,23.86980159255485,3.8018159629491177,0.015462996,-7.516528865669105,-15.685937447555345,12.546949,1.2579155,1.1511576
66481734354737792,57.85568054293428,23.889171778893992,7.370803781679368,0.018221663,19.113518113426856,-46.862222868873786,13.465058,1.7394867,1.0155
66515922294233728,57.48126199309243,24.10123486773792,7.305320987164373,0.06841665,18.959841346880506,-43.54104335376583,16.615265,2.9840288,1.057341
66536709935913472,57.78538026710936,24.134781657133665,3.8130086974389856,0.053734813,15.259391137398953,-21.175703250964922,16.361992,2.3141346,0.9871856
66537981246228096,57.72961087519808,24.19724656530266,7.156892922325294,0.020666307,18.856737930398275,-43.38606614358302,11.425587,1.0269985,1.0684023
66728128034922624,56.825655460069,24.2305614540442,7.652274856009464,0.14655477,19.7293757744864,-46.55480539729653,17.556929,,0.90118986
66801795315987584,56.512420693156756,24.681988265390725,6.917413037487169,0.1898483,18.971042237502672,-44.08848065433513,17.648338,3.634348,1.2534412
66738023641737088,56.957489521440976,24.428489800524442,7.336132894725513,0.07787946,20.413652152090826,-45.894555782921664,16.653147,3.0433226,1.0552306
66798496781121792,56.47708455753871,24.55430537374798,7.3052753639807255,0.0838769,20.33140314206862,-46.022054798281474,5.752026,-0.02298975,0.8798977
66798977817468288,56.34039171856011,24.54350590311485,7.342700786360437,0.07262516,19.75073677504067,-44.3592580791877,16.209143,2.7984066,1.0740938
68304965149264512,56.12314893651504,24.591587951528936,3.892755318670519,0.026235148,216.5994004077624,-91.24297821628028,14.7157545,1.415206,1.1131307
68308985238636928,56.16130549897266,24.70587382338117,3.367763043756493,0.09535287,2.4169242487841016,1.3777172655819712,17.27463,2.775917,0.9775937
68303659479211776,56.04008371332776,24.589372669344755,7.234274294425554,0.04615596,20.89388577967105,-44.314259118680184,15.863776,2.748232,1.0643665
69818885285412992,56.525594255779026,25.01684313145794,5.588650570622189,0.018594513,1.9835505244959233,-50.03496310897879,10.437319,0.8981466,1.0928283
69841257769938944,56.582840355141514,24.983531138132165,7.002036665353852,0.27587315,18.492129452413486,-45.936137693668854,16.545376,3.0228662,1.2361132
69811364798863744,56.103485703428014,24.768212832129016,7.383367795347211,0.025824912,20.0096511843737,-45.86504913512492,14.463644,2.235385,1.0521954
69811639676769536,56.08380493090035,24.7959610969443,7.509212453253538,0.019412043,19.89864206870716,-46.56763611816304,10.473494,0.8706722,1.2359731
64957089682129536,56.624781632122044,23.183366925214735,3.993631363574493,0.0261749,4.689921437620478,-33.21363457988105,11.341843,0.98911667,1.0850023
64967569402404480,56.81416804545098,23.43481220068229,7.069719258509363,0.07068639,20.60752142794995,-46.19192929295871,16.54838,3.0180445,1.0966136
64937435911861632,57.0240637545921,23.269535775673475,3.215669929558939,0.032122146,31.325644804836564,-33.82436400352128,15.326652,1.9857388,0.9534288
65169943964429952,56.27833987281683,23.614139359630546,7.2309171672488475,0.08655477,19.068891767681066,-44.98068962263365,16.988838,3.4484148,1.0175426
65005880510573696,56.90428209463799,23.608852238285635,5.20346122037071,0.022818452,56.306846496251495,-59.33104041963406,7.406279,1.4117193,0.9510057
65223515093523328,56.59787068226333,24.030747315256395,7.373004713955718,0.08887297,19.227117530342714,-44.209033757952795,16.894072,3.0725603,0.9753783
65224442806459008,56.553722556107694,24.054171168916735,7.3324984757352,0.01875288,22.067799911606258,-46.12808704052617,13.603668,1.811161,1.0267986
65211557904569856,56.681723015516134,23.994936841909595,7.2862829876032436,0.034790307,20.502140434050677,-45.335559973427976,15.067968,2.386301,1.047322
65296112924569472,56.34166534902255,24.444402168864006,3.053848655771818,0.19371496,-14.679910439451577,-25.095717457605865,17.956959,2.5997753,0.8291526
65290207345532288,55.93539238847646,24.288845009679058,4.022363372912818,0.0719071,4.07942934436197,-13.626505458535291,16.412025,2.6668081,1.0669177
65279418387728896,56.46397086946799,24.29548137554541,7.4136347632428805,0.084674254,18.663634706590376,-44.18651883515772,16.784777,2.992241,1.1398214
66429232674604544,57.61403231496382,23.379012559358603,7.228956227453397,0.06927697,19.83778070687911,-44.85419874781838,16.541801,3.0028334,1.0384145
66507882115488128,57.5091413924293,23.862222908526427,7.5888018064744225,0.04286828,19.78431628377371,-45.29047102789216,15.739478,2.7262564,0.946568
66452047540860160,57.38016945576194,23.688630836824323,7.362058685060756,0.07405327,19.957750625646163,-44.52370465052084,16.796696,3.1152382,1.0409425
66524409149512064,57.13392048945094,24.08053159923324,10.806362943809157,0.061001293,137.37663030679147,123.15823641419661,16.056797,2.8624973,1.0851063
66776678347317760,57.18030113443932,24.771842425126177,3.409715939745956,0.028001603,-0.8787797666898434,-1.96698522529056,14.583783,1.5423679,1.0086738
66712253837994880,57.026765715524206,24.114207274352665,7.217691953294109,0.0763905,20.11224968831819,-46.853801212355826,16.740343,2.988432,0.9946763
66808220587759104,56.619370547231206,24.758790465145772,7.300009059416653,0.030375024,20.486566587041196,-46.516538720071175,13.698108,1.8476305,1.0965658
66568183456206976,57.62207550448032,24.55765718602581,3.791507514787053,0.08768556,0.9668722317696419,-11.47888543078061,16.911318,2.5920153,1.0282799
66757162015919104,57.519251908852254,24.623697501746868,3.089517830094656,0.0859076,9.69659514678094,-23.50332972034569,16.249327,1.9384995,1.3466549
66791624833561856,56.93522462565709,24.615331041000534,7.365399225658677,0.10403964,20.029976741282752,-43.499459079977576,17.191496,2.9639435,1.1320454
66729635568719872,56.84331611744425,24.238406871747408,7.500762900049822,0.14132895,20.214841140132233,-44.31925434107877,17.617458,3.4563828,0.9481336
66825018203119232,57.08248957474554,24.84791864281183,4.227826397688485,0.025332069,1.7334059387917042,24.400643959358266,11.457664,0.8015375,1.2631202
66810213452111616,56.706218064410436,24.807776218268966,7.345378704449206,0.08510074,-12.723212901775765,-5.335457007204801,16.80524,2.6914597,0.9812919
66850517426494208,57.67018622911764,24.667248287920742,7.21695823861784,0.11554198,19.463760308571743,-44.37617719432432,17.439728,3.0729103,0.98710555
68300326584600448,55.92983392964239,24.548798133876677,6.856196578912851,0.09720247,18.700534150326316,-42.47265477404482,17.220604,3.1797543,1.0279402
69811948914407168,56.169922338576605,24.818333957946873,7.489501972504944,0.021575358,20.238677643478304,-45.445803609583365,9.715471,0.7056837,1.1954098
69842013685507072,56.63551049491951,25.057845062167974,4.268793194056791,0.017954733,66.13917525696301,-29.5152204875455,12.639331,1.1483212,0.94576883
64979732749686016,56.75601002050891,23.494741451278703,7.386528543828836,0.01865727,19.0718927796905,-45.023437835823266,11.273634,1.0054016,0.9098149
64929391436043264,57.42060476339698,23.341369648361887,7.3159120319680895,0.04082006,18.7330771968439,-45.13349681432525,8.094326,0.27309132,1.2130493
65004712279475712,56.72404434206554,23.58335393181007,7.497436461447746,0.015502698,20.79610781492648,-45.153767216869234,10.388345,0.8150959,0.99693227
65245539685760640,55.98757249612545,23.951447980307357,7.402115833370591,0.05644979,20.851458975858712,-45.58232051561048,16.285315,2.9554882,0.9595332
65251720141236608,55.81666902950435,23.91168487727975,4.998949220926528,0.09862489,331.270372744678,-174.78263181342743,17.452608,2.2306385,0.9318117
65271270832779136,56.33119401447864,24.18010212094342,3.26377507846045,0.017743,-11.614877239972962,-5.297948900272055,10.567946,0.7819691,1.0495348
65192797487370752,56.20393748764052,23.781068175113738,5.200041052087071,0.062408015,24.988062734782368,31.235149967972617,16.500696,2.545003,1.1877257
65225611037551360,56.663989544588695,24.10299456629025,7.360921813307845,0.020525496,20.529234552319263,-46.94187273360423,9.199545,0.6225796,1.0005049
65260589251151360,56.02189070442231,24.097420870504386,5.197256267450401,0.14134806,16.77361128076478,-35.39109791184848,17.671818,2.9579277,1.0639156
65263612908043392,55.869797428461034,24.15158636442973,7.596763629614335,0.09692694,20.970523789670626,-45.9841385820174,17.377176,3.257244,1.0018568
65264673762670080,55.8061497087518,24.183469947967474,7.841224461094723,0.12864085,20.25163895267666,-45.904575030954675,17.92541,3.2961884,1.003561
65186303496830336,56.12061383044902,23.711671506194712,3.176313716400605,0.06795464,13.780862631917497,-14.134861002603328,16.752777,2.5202122,0.9951323
65190048708380160,56.3383718087484,23.727270954059602,7.277032576643956,0.013647615,19.69124947738876,-44.56064014037388,12.071662,1.5379562,1.0951537
65281166437426176,56.387342327527634,24.303034287977688,7.522663209747789,0.017934922,20.256423623849187,-45.16538946574379,12.989489,1.5923738,1.2143942
65222518661019520,56.43373928124347,24.073923595288683,7.32594365757548,0.01919131,19.954843057789002,-43.35273923240335,13.691072,1.8298388,1.1184418
65222759179728640,56.39758231507854,24.08301110684446,7.2998022120351305,0.021675875,18.42957215998396,-45.20699962860034,9.984646,0.8261423,1.0200727
65231486552803328,56.61376023966258,24.254800329035454,7.345983258822864,0.029391356,20.450350564327135,-44.64674558353142,7.352819,0.13436317,1.0897243
65232757863112192,55.91274812352996,23.73464542725762,7.388158879058593,0.07691624,20.467241710492118,-45.16644419655399,16.385273,3.1662235,1.1453283
65267388182879104,56.221816244942886,24.018344601810703,7.574034930346783,0.10042205,20.616762386374205,-44.13114421068058,17.134035,2.97758,0.9704903
65230764996027776,56.56677710161743,24.189728475046618,7.399226753718945,0.032742243,19.60554501391406,-43.75937028293768,8.228746,0.44409132,1.2529333
66441323003146112,57.76373831664205,23.583228242863537,7.255212370705698,0.12233252,17.978631826672903,-44.82521311083765,17.535738,3.2467766,1.0513706
66502521996313984,57.409004615054805,23.84769306200275,8.767456133883856,0.07101302,12.745272958520674,13.500377866443607,16.667952,2.8937416,1.0076959
66506331628024832,57.3008750959372,23.886587601561303,7.417763214315631,0.032488454,19.620728847184104,-45.17323902020466,8.101668,0.29633617,1.0928063
66552893372698368,57.47790921014217,24.218294539630037,3.251936481817142,0.023533566,2.8816519955618176,-8.304679137255945,9.1450205,0.25448418,1.0629318
66510871412708480,57.51622186714058,23.97604732867165,8.71523587287996,0.052466724,-7.092566672383823,-12.590440690450286,16.12263,2.660346,1.0130748
66526195852236160,57.286403949827864,24.05634224362678,4.508980430056047,0.12668829,-9.907617664993634,0.6371264711296184,16.138418,1.2399168,1.0466509
66556535504957568,57.40227687241278,24.30373739744004,7.176475690564863,0.056926314,18.7101485350458,-45.75714788234882,16.240494,2.8010054,1.0286475
66743104585392512,56.99796727591788,24.51669279177321,4.017822712526546,0.0977247,-9.962148617722274,-18.82932001591621,17.385357,2.6587353,1.0555282
66781316909399424,56.531386444741095,24.3741778959859,7.432728772573676,0.021524457,18.93156538453851,-47.08706292205727,14.0124,1.9702711,1.227079
66781626149592320,56.61805463641371,24.40071445318928,3.6607023812470083,0.043950614,30.670500782071578,25.88697438748433,15.748843,2.0143185,1.0519642
66716136489019008,56.87290125295112,24.2053413548071,7.38930585590348,0.1452486,19.19732918641361,-44.76750253968112,17.665154,3.0472088,0.82112074
66719228864863360,57.16636349176905,24.211712564846707,7.3876554613403265,0.039408434,18.46508333799995,-46.533021317926284,15.501962,2.6146746,1.1296408
66658240329321088,57.76509213509881,24.542956563812567,7.468706765589364,0.055209234,19.24737560473578,-46.16751787518278,16.36067,2.9431114,0.9989945
66737405166459264,56.87755475112934,24.370334652904095,7.390213974601189,0.04050967,19.619007237982416,-46.59133783173657,14.798532,2.3478098,1.0457706
66741116018188416,56.91405558689937,24.45873245787969,7.179641625812423,0.07574236,19.09158069716053,-45.39827478952388,16.133425,2.9671144,1.0969669
66821277287611520,56.86012741754312,24.820355639546484,5.261859616644529,0.07949411,4.916809137842272,-27.407573968968236,17.135782,2.7220964,1.0717653
66751595738343680,57.33329039547254,24.514275984462504,3.5329373519514777,0.09894664,2.796275932423482,-29.84493863495473,17.5586,2.7410107,1.0487163
66728128037119616,56.825618307373404,24.230780242547077,7.529039931598729,0.12805286,18.023220293900117,-46.54776548308693,17.030983,3.3391886,0.89206386
66756818418671872,57.61214473026228,24.657099819554364,4.476315290336677,0.015888415,24.32839559317372,-21.343761714847123,13.494304,1.3491325,1.0004627
66746441777612416,57.32010689706659,24.39593347467187,7.012849082916408,0.026206704,19.735690455662137,-44.081448971829964,7.525846,0.13290787,0.880397
66824472743376768,57.16384864961428,24.838699631188536,7.101768935389729,0.14082067,18.346797724319053,-44.767943829631776,17.582697,3.2788582,1.0412737
66828870789879168,57.08465979450928,24.91505649267501,7.471713201960252,0.10020803,20.481299016482694,-44.44909651673037,16.177582,2.973876,0.96503633
66868521929273216,57.52103026535325,24.849906903070565,6.506833957661539,0.045546748,8.689298169581075,-8.515260491405389,15.973067,3.1171808,1.0751562
66788669895935616,56.596037054500854,24.6048505016741,7.307118521203142,0.06813792,18.97836540820686,-43.60990886676683,16.643583,2.911234,0.95860523
69810643244355200,56.16667908769728,24.76549616904445,3.1802609155674384,0.029919805,52.10795420840206,-13.152830847498995,14.624783,1.5447302,1.1394601
64958532791138432,56.54645103998025,23.25390339257758,5.279752778444388,0.018141245,-11.925019562632617,-9.989353580818486,13.902602,1.6944895,1.0433849
64930495244783616,57.38645295572227,23.380204240051093,7.231276897025075,0.020891242,20.34647137610763,-44.301346464210745,9.034874,0.587265,1.1984136
65007942094880640,56.687062887062844,23.618553102394277,6.979594312588576,0.10834564,17.61389994130911,-42.464484267359644,17.557415,3.5812302,1.0325537
64923210980320512,57.2296835144856,23.239424318709112,3.2204930164039958,0.058473293,-1.208342591691014,-9.862655069878944,16.382227,2.5630045,0.99753034
64974338270788864,56.30068677483327,23.36456659754402,7.400842842890291,0.05960634,20.3498907854033,-45.84120467577862,16.11487,2.8657188,1.050245
64989490915460608,57.04583326091851,23.506811183809983,7.318953310037485,0.019202262,19.7071210125859,-44.53956232297974,13.712051,1.8174419,1.0550884
65164171528305792,56.34254222359188,23.471510349419837,7.307413485207008,0.014412273,20.223885800497982,-44.65017753769459,12.190561,1.3070021,0.9438896
65267078945207296,56.23900505450959,23.99217866658556,7.50643101758092,0.043221835,20.608714848927015,-44.771864233714425,15.717465,2.7110186,1.131965
64970077663231360,56.42126641099246,23.300155801197796,3.0658396692745598,0.10399493,2.440224888591652,-6.947716664984039,17.484606,2.5984306,1.0194231
65196405259884544,56.24422047135836,23.927876856061392,7.274297226962083,0.050903227,21.06580795418214,-45.625139391925956,16.095974,2.8608084,1.1529555
65297835207500800,56.17220664655621,24.399430572729532,6.677653532199061,0.019808816,-39.193727277459644,9.529349039224075,11.457511,1.0378246,0.98764956
65223102776668288,56.58723381081213,23.982964460965945,3.9866292632440543,0.032719098,-12.375978374344847,-38.5176291404208,14.711728,1.7518759,0.88934684
65203758244032512,56.59257354759629,23.87793117845342,7.1116603531842495,0.07202958,19.385201134094537,-43.29755614690463,16.309023,3.1592731,1.1299676
65263097511969792,55.79855132706159,24.1144320201991,7.293955605946162,0.107664876,20.25602380241091,-45.77238477763018,17.451342,3.3752003,1.1470174
65268010954626176,56.309133408643376,24.070598920838794,3.817640156331719,0.03370927,-18.97831667166267,-42.25360561452748,15.14075,1.8321533,0.9590691
66453490649681280,57.431468357888065,23.711649593760512,7.46248486399861,0.047006264,17.868504681193286,-45.57243824211501,6.1591687,-0.049655914,1.0356296
66560349435890176,57.6379095792957,24.339206308563956,7.624237364113361,0.06600861,19.409409813996277,-46.91155574344629,16.40082,2.8872976,1.0213555
66500357332812672,57.32779678067643,23.780090182372554,3.3261747575193454,0.079787984,18.343035311566048,-41.884347168749876,17.016092,2.5356865,1.0197003
66521179334108928,57.124052826324814,23.96812762181643,7.245161749059522,0.09243491,19.513016268459427,-44.30200784877972,17.046577,3.0933533,1.0028831
66552927732432384,57.490225655214466,24.23785999248175,4.860025069375386,0.10699292,-16.733796043410777,12.461798733571419,17.569014,2.6635685,1.0516361
66513036076242816,57.332511910523834,23.960581895785484,7.101891175270366,0.04409494,52.96233710626822,10.244507179510991,15.605006,2.4190807,1.0544498
66662672735563648,57.67830124631554,24.63861117855394,6.252844000251145,0.068098016,10.57540340410931,-18.14844366877456,16.472763,2.776497,1.0486542
66561479009037312,57.585679665660024,24.38228722007436,3.346033003176524,0.14893556,3.9983535739512233,-23.87168929961707,17.807724,2.5982704,0.92568505
66787776542748032,56.579555025873894,24.53077328292248,5.07094163078068,0.101855256,4.182625209241349,-15.081151917537099,17.181597,2.8832684,0.96332234
66823132713476480,56.899529478888994,24.873965156738215,7.429236579015259,0.09306064,20.359214900915827,-44.68201751202432,16.87391,3.0793123,1.0942961
66755959425257856,57.57598217276832,24.58746632894919,7.546025078304683,0.08160137,19.59404308135298,-46.28803083358288,16.821295,3.003501,0.9516909
66720534534913792,57.1294732995043,24.281273105178414,7.341192082208167,0.029249312,20.55980824986601,-46.52895034490698,14.94409,2.4508772,1.0710096
66802276352348416,56.30003774761142,24.585988634934,7.5214363388011725,0.020496517,20.809393414603466,-44.70206664623241,13.399992,1.7045574,1.0836426
66724554624301568,57.0657495505842,24.328412089488467,7.150294514577566,0.03972785,32.783995265054315,-13.421955024845275,15.357101,2.564663,1.1755484
66816295125702144,56.8904124483072,24.683996791687626,7.422158629100373,0.013427517,19.582483258933237,-46.27140917710216,12.540388,1.4014874,0.990435
66752042414936704,57.365254679183145,24.53152918709479,6.868676362419624,0.029826267,21.119768743200037,-43.834701003186716,14.890118,2.5076437,1.048202
66841785755636992,56.92302990114114,24.983744788594272,3.7598871139213434,0.06491393,12.137514232640186,-22.23840616365638,16.593122,2.2927256,0.9595161
66811450402457216,56.585399836649145,24.785282982842787,7.454756179233914,0.016104769,18.583779121327936,-45.18087140683727,13.337562,1.6946535,1.0836929
66761903659793152,57.48251419167079,24.741904532006497,7.531095617508779,0.029123874,20.01171871162373,-45.628015653581286,15.173774,2.5507517,1.0768366
66821655244731264,56.84583318282619,24.848752048434626,7.761479927581554,0.040834583,20.80852597315821,-47.429280642913454,15.617148,2.7824202,1.0696015
69807963184755840,56.25481939508828,24.777907828400753,7.4811645664167425,0.06247579,20.69991043384025,-46.87193783784339,16.527004,2.989872,1.0551254
64959662365552384,56.78069149429426,23.226156744121546,7.309612988988913,0.015793763,19.295192861656584,-45.43850995081102,13.143335,1.596879,1.0686795
65011824745303808,56.79109574419367,23.78255399499997,6.378512040553527,0.017032573,-15.227725724281257,6.575660093096868,9.345498,0.71190166,0.89024454
64928674178659968,57.38409775234471,23.271498869578785,7.354278323471858,0.09994091,20.4549652303075,-44.87002052000801,17.513542,3.1948757,0.9231417
64940906245415808,57.0868319876062,23.421039463726608,7.690936370750085,0.09853769,19.695020996577448,-47.112981495474266,5.428299,-0.067106724,1.0705914
64942555512948352,57.365729784037136,23.42110989543135,4.078992436577008,0.11090471,9.236623987446217,-12.681707729980658,17.209124,2.840004,1.0542644
64977190129058432,56.61909777471536,23.380041740811105,4.125074919891903,0.013590812,10.614873347129212,-6.542461098166751,13.100137,1.354784,1.0436249
65194481114545280,56.26203531794982,23.82090256651279,3.4102695280354385,0.051589783,8.178660640858926,4.212821757108958,16.053812,2.2661781,1.2066996
65196886296311936,56.61404004788853,23.693379383004185,3.3544417793583623,0.023499662,-5.8223728984109835,-11.008676865507772,14.282829,1.7213106,1.0230066
65297594689312768,56.300399163319184,24.504891296734822,7.821509420582805,0.05496826,21.22062429230634,-47.34283131249642,15.664892,2.7038784,1.0649242
64967221508285824,56.706347372090065,23.413678283678273,3.7683710653343594,0.11348688,-7.126476403610642,-33.50431761467751,17.687782,2.885086,1.0034993
65292234570088064,56.10725957131531,24.394496851857834,8.02785908082978,0.024394251,21.95042265441983,-49.20267411149293,8.121808,0.38341618,0.9579118
64990586130069504,56.9084671444444,23.46784903102607,7.272149432844637,0.016218245,21.22160226198077,-44.86687402523243,13.113663,1.5855236,1.1117022
64998664965568768,57.200362943510335,23.704096416113178,4.146634410197535,0.04458013,21.00549936728719,-28.39321982469778,15.549706,2.061862,1.0606179
65216363971331072,56.41253094148423,23.950117908380683,7.626957463557727,0.09724306,19.581562775963143,-46.711820349595975,17.420778,3.1692924,0.98140705
65282716920396160,56.40823276849738,24.334135415771772,7.330863741628539,0.10462205,20.369488637927727,-46.5537849045442,15.445732,1.479619,1.0293899
66463248815323008,57.64661874508517,23.959686058401005,4.086793218578247,0.018826004,23.64710002498058,-13.008859836425346,13.918178,1.4443264,1.0986884
66516575129322880,57.136112231456735,23.877915200124722,3.100492335522472,0.080154866,4.204207584909046,-9.863072977602053,16.778082,2.848465,0.9968211
66449195682569600,57.536937695482194,23.644939516131675,5.240256926094531,0.07966964,-16.15548474045556,-44.245745775794965,17.08895,2.5311203,0.9864755
66521381194879232,57.055515054741626,23.97951838435878,7.547372277549449,0.055892754,19.656892472424325,-45.83816214998953,16.340902,2.9869118,1.0021007
66452734735432192,57.493149308189984,23.70921379286682,7.272111078001381,0.028765585,17.403520565966943,-44.874753299167956,15.160209,2.4875717,1.0517503
66532174450470656,57.38806152316218,24.217798918238252,7.3912177169253,0.14878781,20.981535848879425,-47.47700332571162,17.994638,3.4822655,1.0023088
66838452861270272,56.661659316992534,24.959436887087797,7.4069576100515615,0.019041356,20.610307326877866,-46.954463131057246,10.10806,0.8023014,0.9594057
66763965244167808,57.08979895346553,24.578586778083682,7.302744961813066,0.08917098,18.457817188300933,-45.79389190581427,16.977882,2.969945,1.0157425
66549354319596800,57.826012518876226,24.340403707702375,4.826291267002129,0.061826713,50.60003598708178,-45.86336650269049,16.550518,2.517147,1.0071454
66715105696289024,56.837760020213594,24.116067483641807,7.199902345703015,0.059760366,20.344160878448307,-45.07643568357508,6.29883,0.009374142,1.157944
66783584654831872,56.61261347529189,24.45374227557123,7.203917977597592,0.043916557,20.29794758999426,-44.70787539997106,15.896999,2.8038416,0.98888147
68295958600907008,55.996394664317656,24.454525109192307,3.3065555378262568,0.0142335715,-3.219592601405356,-34.707812764480074,11.8310375,0.84824944,0.86988354
69811639676770304,56.08111302234684,24.784761969859193,3.6404651511635846,0.05913745,13.429626222212399,5.702876300305517,16.288128,2.1804724,0.99466485
69806039039416832,56.27740714247925,24.678409040272616,7.5284014269211195,0.11225359,20.24411977407674,-44.80748682496666,17.622309,3.4046497,1.0478622
64975948881507712,56.367603621082054,23.398756216460207,3.2826391066923364,0.014502529,43.858638001035075,-18.098760123855644,12.279651,0.98668957,0.9249908
64981622535307264,56.50408687535799,23.457174606150517,3.3353066646691274,0.032327197,2.832078538276658,-35.905722865117475,15.146403,1.8412027,1.0444975
64981863053470592,56.593679900426444,23.485427897777026,7.150415256448715,0.08726354,19.859186488699244,-44.830015852542616,17.219704,3.3249388,0.9135021
64913452814489216,56.95058643018479,23.21788377589549,7.411184638689342,0.020458069,20.053661610566117,-45.84753613421944,10.945833,0.9447975,0.90876555
65007117461151488,56.88567687095638,23.67888434684624,4.578118286149898,0.019385425,-18.198881746288766,-17.755646162272402,12.897877,1.1496954,1.0192866
65229184450247296,56.519106151072684,24.165368569020757,7.497115632105594,0.10239434,18.937810788453277,-44.62061805868336,17.291239,3.2110767,1.0340664
64974574492213248,56.42870174000814,23.336589161292384,7.492486097833367,0.0977831,21.406088529779186,-45.052319844566526,17.363674,3.2474785,0.9524142
65190220507070208,56.373319246952896,23.760302335308378,7.399616619911859,0.015352413,19.065021323928246,-45.755836459670746,12.855757,1.5521526,1.0100722
64966916567283456,56.730541115448666,23.380212988770477,7.294694239567216,0.119221516,18.858429537627444,-45.66888505121055,17.4539,3.1989937,1.0561346
65212691773969280,56.82547570016037,24.036436385994815,7.2721699909797355,0.070744686,21.437427455270193,-44.729548972091585,14.673646,,1.0385517
65012408860856832,56.93613786706123,23.700704540102134,7.252925571892042,0.07700363,20.328177414703305,-45.216292132663604,16.648165,3.0387678,0.9428905
65019246448775424,57.02449569519243,23.883443039373205,7.392645465941637,0.10585207,20.181137542829056,-43.46642919787849,17.37894,3.1116486,1.0650707
65241313435901568,56.1334290890114,23.874849276465046,7.367449998542193,0.039420117,19.57888027760635,-45.42340532837509,14.320809,2.1890354,1.1024199
65286737011954688,56.06872865737546,24.27270784223735,3.2568785841874273,0.018595379,0.22474904858036293,-29.654956818928124,10.420061,0.8961277,0.94446534
65289588870240384,56.04138926525986,24.26762455350562,7.302329783350095,0.037919894,21.472255504994394,-43.34423303830621,15.17523,2.5290985,1.1070453
65161835066111616,56.2333833417677,23.36922939096189,4.873267817433748,0.18399449,-12.368124877017173,0.9518604679522163,17.921148,3.0892334,1.0943304
65298483745290368,56.22548048214077,24.44616834794828,7.6876803281520365,0.07440104,19.84753721236225,-46.01917781646604,16.687817,2.9233704,1.0488245
66430057308319232,57.645878202147244,23.440394693699357,4.876887213147547,0.0890131,-4.969555168780314,-16.795503736032654,17.123175,2.9647121,0.9654192
66523103479455232,57.14081534926531,24.032849766880865,7.065936301955448,0.07758705,19.299176702015146,-44.18203911333444,16.814566,2.9588032,0.9394521
66512074003566976,57.40055541252771,23.939616754347057,7.28785562194042,0.063518226,19.411524359447647,-44.5730025382453,16.154657,2.8705664,1.0865008
66451497784867712,57.33962532353392,23.6515782545828,7.376227208651057,0.045091506,18.204462282608745,-45.55520366974744,15.786174,2.780384,1.0369788
66547464533998592,57.782805282648035,24.280429786634656,3.134059221938138,0.05112763,-14.92669965758959,-23.730909373369247,16.077354,2.2226849,1.0104443
66485582645439104,57.7424400126132,23.92835794530036,7.21238536877687,0.064764075,18.43129956497794,-43.31389853777661,16.709013,3.0027494,1.0054784
66560727393001216,57.72778472773581,24.365326702461758,7.474582166375677,0.07193563,19.168660031261574,-47.10024451822018,16.679499,2.967493,0.9842361
66556672943906688,57.42804497400579,24.318568409932812,7.469814986220502,0.060929585,20.446787681446676,-47.8397668094135,16.043076,3.0495577,1.1767701
66709711217367808,56.97891066052601,23.99875343028472,7.772996163979296,0.07842209,49.24211398506232,27.40693855142135,16.927351,2.996004,0.9642361
66791483097102464,56.90992716923971,24.599773115942277,7.089912221780614,0.09857245,19.552870790207542,-43.379289492686475,17.592712,3.2622795,0.9624747
66657415696297344,57.86348961016656,24.518448754707425,7.251437641917489,0.027222686,19.74663141605784,-45.451294562195194,8.769578,0.534214,0.93897635
66747816167123712,57.426245257389006,24.462799736001262,7.547732480662261,0.018327165,18.676157331737542,-46.77229142531257,11.899782,1.1820087,1.1796322
66769565879071744,57.164179551239215,24.682573065662584,4.766257308902221,0.027081795,-20.360310148079137,-9.196890788811634,11.598204,0.88809586,1.263484
66766851462194944,57.043596241582684,24.578266588710733,3.4728152083970314,0.042178296,50.50358372171012,13.43324385267687,15.512682,1.8713007,1.1053655
66714865178148224,56.87614465716478,24.128238550822186,3.4162561739601327,0.1450552,2.7408645314737776,-9.741685077065085,17.568026,2.310297,1.0391749
66794545411191552,56.63004263693734,24.62336267444526,4.03388949296067,0.038066957,-29.042561329462757,7.698399432168677,15.423893,1.9087973,0.9989664
66820590092840960,56.908632149092455,24.81955061391246,7.321610715925585,0.03866026,18.77571686440077,-44.18426716411387,15.393848,2.5778227,1.0841954
66749121837171840,57.38774921504782,24.533832683321616,7.418666857726491,0.035878733,20.208257770798163,-46.08040738976238,15.359683,2.5900593,1.0772529
68303487680516224,56.109579035829455,24.58950062402356,7.465685925621427,0.019542068,19.65581279402085,-46.0475584579759,11.282754,1.0796499,0.9851145
64950183375372160,57.29091940166049,23.612757690813336,3.9113140315412687,0.022505024,-1.9757850235754164,5.837756455755987,10.724575,0.6478386,1.1150837
64960628735279232,56.71065598955907,23.238999951961915,6.566669588716607,0.016544817,18.082484632564615,-40.430133671670696,9.784797,0.7396021,0.81172436
64967191445190272,56.69373467350953,23.40058022693125,4.253883523772568,0.09667343,33.09133180622261,-39.71164468102739,17.25954,2.9796982,0.94057935
65189189714845184,56.236219305500846,23.733928480525265,3.95467538740211,0.06299024,19.61898870665235,-10.341132493267162,16.820486,2.5979958,0.97607285
64977499366701568,56.656740149181196,23.407993715733515,4.584104813106562,0.082248405,10.950427931403276,-35.04051613798913,16.962265,3.038249,1.1568353
64984951133439232,56.552852464053856,23.587012648241203,7.280859159894756,0.09170236,20.858783200882606,-44.736201780282386,17.09217,3.2278833,1.0779377
65208087570988416,56.87670215051404,23.955072611910207,6.767089987968193,0.017240895,93.07521667557998,11.165250389254417,12.6783495,1.2692909,1.1490206
64999661397996928,57.05606627868126,23.65697120504043,7.461038709608918,0.03381762,2.5082168597040484,13.062243898250948,14.961751,2.3517427,1.0447105
64999936275910656,57.002498507459414,23.63157735666807,5.060117836146784,0.09817148,-40.408677556823605,-49.72384172857003,16.945457,2.7386446,1.039691
65000863988835200,57.03735109356826,23.706329978281527,7.548655100367121,0.0839179,20.935367912891873,-47.27674284468649,16.795107,3.0857983,1.0614438
65216471347171712,56.52004605039938,23.911787145720194,4.1718834927948,0.11291962,2.981050182307114,8.631777800095238,17.340588,2.5058193,0.9013774
65018417518780672,56.881922360095274,23.87181815563443,7.33883323931341,0.086343035,19.272619406218368,-46.356623741699735,16.862331,3.0882645,1.1373919
64940974964891008,57.080543076123405,23.429381892206827,5.000931698315026,0.22937006,22.152958519214607,-11.835069790113781,17.95418,2.6315498,0.89827114
65259524099180928,55.86256815655564,24.05146048592515,5.038125510766294,0.041632306,-14.037683741677508,-11.885588544806641,15.858988,2.4015074,1.0356852
65256809679851904,55.78151401793271,24.061154049191497,4.956244149984822,0.063598506,18.041376686594557,-8.740808604380884,16.783543,2.676134,0.985571
65280036863012864,56.48794486728435,24.350095711640893,7.1052667579658895,0.12849955,19.17547678034964,-43.778413234323914,17.349085,3.3146582,0.9913123
65282407684967296,56.43487131521821,24.306381541398512,3.4640907162909222,0.03580657,61.820905614869474,-17.92293648221797,15.4830475,1.9009924,1.0279211
65272817023559040,56.09705800204935,24.132377233709853,7.25107773889799,0.037444804,20.325850542233443,-47.786933718396135,14.205825,1.393754,0.99422127
65297251091930624,56.333272927295575,24.47333141898755,7.337793941106909,0.07710426,20.589522430997057,-44.03912568448305,16.519524,3.0402288,1.0265754
66518907292258688,57.25305089209679,23.958801120287195,9.081104307999016,0.019995881,27.823707171126234,22.440981710929563,12.939334,1.7405453,0.9524592
66468986891816192,57.88147890442808,23.80184499907911,3.8015883511337716,0.11582472,-15.04237707227909,-18.910493812255016,17.733023,2.712223,0.9819931
66481871793680896,57.88465444700706,23.912105719740296,3.6442789382298377,0.018998602,-6.297249212090146,-10.718793100362992,11.982365,0.8530445,1.1918789
66489259137570816,57.85177827355964,24.087172363395553,7.47403630098569,0.01710725,19.14041254467395,-45.078411978289786,12.779283,1.4697065,1.1050173
66515784855284608,57.45881442632338,24.077622964646014,5.671445560904547,0.061543375,1.7517278576560966,-13.469563784720409,16.447868,2.539071,0.9804151
66516575129539968,57.1255885426911,23.876630367886882,3.0918226139857734,0.08191027,3.9544836268925487,-9.879453871184708,16.724829,3.1212816,0.98544425
66525096340629504,57.32023694404039,24.016437901014108,7.252854129386475,0.19911686,17.882195607542585,-45.19747501870983,17.689888,,0.9734136
66745754582838272,57.36500889975356,24.403636922425783,7.403613021258438,0.06536394,19.23342251807069,-44.35961797471904,16.6729,3.0494738,1.0273799
66501972240508032,57.35710165298493,23.808498326958723,9.671861806641688,0.023226172,15.470809802387206,-23.313505676302622,11.316088,1.1699724,1.2370472
66791659193405952,56.941383283337046,24.633524455345714,7.560485614137077,0.08593996,18.290355820768706,-45.16310974427681,16.691021,3.2024813,1.1355588
66729914743505920,56.90381808137932,24.26770432741537,3.5347521585788226,0.07780918,25.912814446742672,-32.90547381620501,16.755129,2.382164,0.9995124
66782931820393216,56.75128246811272,24.473410211106106,7.51823295054606,0.11887933,19.241254857364886,-44.78725340723068,16.98477,3.1241493,1.1269342
66839591028151552,56.7542355505098,24.982467524138478,6.141568159980838,0.08141802,17.91179065500429,-38.40059329163031,16.414059,3.1173477,1.1518043
66840003342312960,56.83961912216137,25.02911774387548,3.927060994120746,0.24166243,4.863658054361964,-12.12396789655938,17.432198,,1.1556978
66843542398039552,56.924081400216345,25.085906738230282,5.436790579117162,0.0538751,15.498053100807425,-4.111764058177755,16.188866,2.511364,1.0925982
64990349908937984,56.86723342159842,23.44802253199141,7.190891560508792,0.046991937,20.033422449529546,-44.36039825874826,15.722567,2.7443657,1.0598742
64990792288875264,56.900223814089344,23.47393838707442,7.548538567542814,0.10260747,19.302490159035983,-46.086822658837626,17.404692,3.1785507,0.96674895
64964717544035200,56.63706230536038,23.305130986179122,7.4331628168469965,0.021423005,20.539250037585216,-45.044832979748406,14.018696,2.011135,1.0649348
64967603762044928,56.78974161914069,23.43215484093026,7.306142286619532,0.08113765,20.74313458821348,-43.89561580660229,17.04237,3.0633802,1.00177
64985127228608128,56.61581566561294,23.592514924329777,7.350579885028082,0.016052943,18.427570634978657,-44.855479132862804,12.563813,1.584384,1.177594
65010549138050944,56.80648230098543,23.714085620776036,7.417636325472424,0.013752326,19.730513631399994,-45.608867809732224,12.215946,1.2616501,0.9788415
64953069592851328,56.69277434968311,23.15141569148149,10.59077280474401,0.021895772,-45.38187573266431,-87.24332009384143,11.201218,1.2479668,1.1230527
64933621980897536,57.17084540801888,23.23797186912308,8.51124405941673,0.048778493,20.667921284111728,-52.16286906978018,16.0748,3.1378298,1.1162689
64941142466888064,57.14872305329216,23.430797423131526,4.124394381043643,0.12773429,35.87844042658425,-4.937089258156228,17.871998,2.8805275,0.9647915
64998768044810368,57.056748808065834,23.577042071846055,3.708315730159861,0.021781841,10.625140987210575,-14.042392946820257,13.566324,1.2466564,0.98597986
65244646332548352,56.19731354525086,24.01033845340132,7.65386834667479,0.060252145,21.900339063891042,-46.777033740533184,16.130625,2.7916002,1.1976473
64977705525131904,56.64730542253092,23.41153106180494,7.223361814603207,0.018994845,20.296996397713922,-44.83110777745387,14.081177,2.0335312,1.008254
65003612767943040,56.759854923492746,23.543160259903228,7.582012654647615,0.11968213,20.174479794914443,-47.09982488667018,17.898127,3.6698284,0.94226295
65282957440774912,56.475781958639836,24.352038679072194,4.041779101433335,0.13027754,-20.693575260570142,-4.76594861732858,17.468506,2.461071,0.94875026
65181527493208192,56.1322400085094,23.59042529757861,7.24946466059114,0.047923893,20.500960783305388,-45.03641678694634,16.055323,2.8237982,1.0818568
65294364873918080,56.29278594931714,24.392156067592783,5.373066695829954,0.11286734,7.283833758720885,-9.382753513656395,17.4253,2.7497559,0.86675483
65226744906959104,56.64281604538897,24.13808564946945,3.619157227494431,0.018759437,49.922740739223954,-40.45744430553051,11.464713,0.9626713,0.83850485
66481837433947392,57.87484201908012,23.899035571281136,7.49850135876853,0.024634525,18.763216353022994,-45.89026741192703,13.02816,1.5706215,1.2987894
66542551091588352,57.82952312547876,24.170125158790004,7.705673625166558,0.029058678,20.71478716149459,-48.224630468574475,14.994947,2.4955645,1.0737038
66530147225816960,57.22901544550784,24.14136465623487,3.171273829550418,0.027748266,-13.047180962275249,-21.787581056817274,11.394886,0.8345833,1.2774414
66503789007685760,57.240866291977405,23.8139100131301,3.6417555785653395,0.09542632,13.704910312017452,6.5876380276762045,17.125319,2.278082,0.9535209
66711532283494656,56.94067213271087,24.093478715572004,7.361301794834977,0.058309663,20.163471457940336,-43.67557168646647,16.304049,2.8830748,1.0365573
66537465850160768,57.70739513243025,24.160204585996773,3.1655778739175897,0.07918357,3.0307204201319786,-32.683870994125876,17.010225,2.2566223,0.92031556
66734205413954304,56.78216976237937,24.361176863274604,5.866084220591804,0.12674724,-19.973545704037054,-7.4446501310755515,17.500698,2.8813343,1.0829473
66560418155365248,57.6425964842845,24.34680687912167,3.3909230572501197,0.027447565,34.737700569840214,0.22566351840051613,10.453324,0.9442215,1.3839481
66823201432952832,56.88919798886527,24.885849549862055,5.12911215471827,0.10495513,2.146531340550354,20.252449731190982,17.41691,2.708973,0.97920537
66771764904729984,57.3386267284366,24.694528039922922,7.370698641712576,0.118083775,19.561189732691787,-44.659659199542276,17.683437,3.141058,0.963428
66855430868953472,57.643451639223095,24.794419997873316,3.0198663876702576,0.08494039,-8.817379549870754,-10.707969012438557,17.13623,2.4720726,1.0119239
66776815786266240,57.201106658055274,24.788572444848285,3.0950952169276373,0.08992905,-5.549695675939087,-27.082830122198388,17.021992,2.9720068,1.0426853
66816157686733440,56.97702646086315,24.726822396327897,4.753515829726183,0.056694485,9.062129123896755,-86.34778054851107,16.381693,2.309289,1.0865517
69813903122654208,56.20533038337476,24.88015596877572,4.736404638033938,0.051058684,-22.98205633759396,-32.154810654105106,15.69793,2.2851448,1.1223534
65014195567317504,57.03323531524461,23.739708845865792,7.607866490051984,0.053744268,19.479681726603236,-46.647898608854916,15.997229,2.7870903,1.0254738
64997187496822912,57.254848933906466,23.637477098863307,7.406563177256344,0.15276346,19.64784256494785,-45.61113132238155,17.813745,3.2330704,0.8294257
64999558318784768,57.057450573687056,23.632990088333862,7.437404133116667,0.05842575,20.121801104173304,-45.97765650888577,15.923727,2.796442,1.0796728
64943758103791104,57.38580185574098,23.41124239957272,7.488137995795465,0.06682858,20.361216760707396,-45.12416162836422,16.382866,3.1140919,1.1180046
64933037865353600,57.11090286985593,23.191425826364775,11.078582774362635,0.041317984,27.711302768709686,-41.87238947446693,15.621692,3.411294,1.0804164
64971933089093760,56.534933945361814,23.3473212122962,7.388568334356815,0.015051717,19.54291585018702,-45.246857647763434,13.21777,1.6409626,1.0232012
65163110673516928,56.24181931752337,23.408471301585465,7.4255680209980675,0.06269569,18.802964800017666,-44.67446134102455,16.323061,2.951087,1.0671307
64983649759863680,56.58176505929883,23.52136285471627,3.0970322511317563,0.015082151,8.994329562319738,-14.933741065648924,11.900842,1.3239269,0.99477875
64987631192936320,56.958418318322856,23.46454192808911,6.416532418437938,0.081598066,15.711907760223816,-33.912130542602824,16.81589,2.7860394,0.90540284
64987876007763968,57.06355849715922,23.434685520365303,7.353462097116693,0.07306821,18.67680196333135,-45.76653225878188,16.418585,2.8655157,1.0564281
65239526731561856,55.84693690093325,23.856996419891253,5.53861799137615,0.0321465,9.343082719098689,-25.970381507020722,14.791895,2.2205753,1.0546905
65161560188203776,56.24788981635665,23.354879829583545,8.093948459864036,0.123051055,22.547410052943484,-51.039598451214836,17.538729,3.3679142,0.9371447
65266842723444480,55.87446759697093,24.263033525879898,3.7838218451097902,0.028143272,-0.6679254281302391,-32.16692164979041,14.765708,1.7814894,1.0702876
65268526350709376,56.203468956117405,24.05755108016473,4.595396851413654,0.13732807,-25.27986134469736,-15.061451252521866,17.489012,3.0065918,0.93410194
65285633203088768,56.11465917614148,24.237911081509317,8.021474196031225,0.101270795,22.494818782197953,-49.180230958874226,16.799587,3.1408844,1.3074578
65224511525936896,56.53194261457591,24.061713055059023,7.816880392675724,0.017460328,-30.475504550932648,21.711875584021445,10.4745035,0.82203007,1.1399983
65264506261240448,55.83802446730886,24.18570143772121,7.5405934166305375,0.097846955,19.330017856024007,-45.375585014003214,17.445004,3.12286,1.0160483
65277872199508352,56.43013429152443,24.269935214243652,3.7521413590358605,0.015940957,2.6387410852287108,-26.928805893175372,11.673903,0.9483032,0.92552555
65299862432001536,56.16416653188038,24.510598134011346,3.9868287298495444,0.016942766,5.840515367631293,-16.876642564300262,10.970341,0.83191586,1.0112538
66445038154189952,57.79958344537178,23.74521180500478,7.360262849437637,0.12483405,18.659365680315418,-45.624193765025254,17.512774,3.1788692,0.9986065
66456823544566272,57.763736915282934,23.75110141140476,5.511008556650346,0.09069144,76.43709240155245,-22.567580962419697,16.97416,2.7244596,0.95290667
66452769091505024,57.459924115814104,23.705388529695107,7.208992297855638,0.020567656,19.586708265427433,-44.02362241603657,11.35299,1.0198593,1.1626065
66537156612518528,57.71915929100126,24.131328590706616,4.438353769314974,0.12049449,38.15666166988653,-32.049725986836464,17.967558,2.7838516,0.98015016
66460225158376192,57.552561036719965,23.8134127071611,7.440036984242798,0.13064224,19.48863478188771,-46.437842518425406,17.770643,3.4066734,1.0642482
66566946505629440,57.644175638875446,24.507572021342792,7.217253321624427,0.017900186,19.843612051501747,-45.04069139111231,12.286877,1.2707729,1.0799271
66661538864203392,57.706809215884974,24.584456620132983,3.1516458437319628,0.01893994,4.318247690661413,-1.4180632716146628,12.798186,1.0934219,1.0125082
66562617178961024,57.726926604751334,24.430989551578687,3.5899544758190096,0.030413685,8.085621842741523,-16.75300349290792,14.743065,1.6643581,1.1405227
66745170467302656,57.296064164609405,24.347399016105328,7.333918726452952,0.042854734,20.412294770494363,-45.02321719830596,16.013287,2.8443222,1.0396141
66540523866882304,57.627831971749785,24.159923448549183,3.074231513776463,0.0344757,20.42259599728335,-3.295219986760302,14.998461,1.609415,1.229887
66729021390315904,56.789309152832566,24.259489450443994,7.833640432074027,0.19645627,18.7083680264338,-44.982383170557924,17.858953,3.257038,1.1386613
66812236380428800,56.47598119474481,24.80186170262589,4.316022703909017,0.013917822,-13.10102043853933,-5.295275908494368,12.123239,0.9784012,0.8350194
66749392417449216,57.242694206168224,24.434798676204675,3.3169480838599155,0.095493816,-2.6922123498363986,-13.10315160759362,17.459965,2.6953182,0.91759074
66800244832257280,56.523814101890245,24.613683357394308,7.347148990756307,0.10306942,21.355364281628134,-45.16090854605797,17.224361,3.1212378,1.009063
66801623517294848,56.54154704207585,24.67370493539722,7.534029917537035,0.1214605,16.744196797046282,-43.54263554160482,16.357914,,0.7540753
66754241438299520,57.551775384114954,24.532726387836213,7.223150189887358,0.016751178,19.107476326659604,-45.534887888264535,12.7328415,1.4336271,1.031239
66710879448471040,56.919461405824585,24.05959944654412,4.146810724924782,0.053347364,-13.727061919423017,-20.365125422411403,16.011444,2.5042124,1.0818466
66732388644676992,56.719152248060546,24.2880020474568,3.897568379866543,0.12396249,19.76521122270642,-1.0722574051257072,17.389528,2.8228703,1.0036806
66733281997873792,56.68407748592598,24.31273491116711,3.44302711927705,0.019898862,1.969637674257658,-17.560456909238866,10.444639,0.62075424,1.0621662
66733763034205696,56.78401518543688,24.306630324930296,7.383106353077731,0.05705579,21.055021775947182,-47.460814017984816,15.690887,2.7416039,1.1348422
66808869124393600,56.65748307121974,24.747477728499646,7.632741644567266,0.015386245,20.422639395318274,-47.62659983841286,11.587448,1.1021786,0.80998343
66830279539033472,57.027106619155624,24.988289708321943,3.640037202653045,0.04113859,-29.148995305507793,-28.411580813143676,5.604983,2.1943197,1.2765697
66922088761382784,57.24753589995385,25.033553369136268,6.943053929927199,0.038739648,89.06361877306728,-32.905036492498375,15.334862,2.5837307,1.0070282
68303728198686080,56.079500230471574,24.5882578307589,7.293191575999419,0.05885268,19.376287909920762,-45.97903948741636,16.39733,2.9260788,1.028139
64942001460286080,57.315180555656895,23.38016998746235,7.436806910305677,0.12998131,20.16036278151955,-46.2237778208242,17.678764,3.3386822,1.0598555
64971555131977344,56.466172129994796,23.31684695393724,3.3055573171008894,0.073376745,56.16320370041058,-42.79323083786345,16.737282,2.6108856,0.9256498
64991346341253504,56.80087553688634,23.481023657621126,5.075251728589504,0.047503203,-2.483080624700724,-33.10702111255675,15.9152775,2.6467266,1.0587564
64981931772948480,56.575062291586306,23.486457610450035,7.179336279416077,0.019664617,19.818583154771783,-43.24129115752879,10.363573,1.1260824,1.3110294
64953000873376256,56.69404106623337,23.133513445673902,3.1677917917112324,0.022466935,-9.90383590086118,-1.9214238160233321,13.899908,1.388586,1.0035739
65010381636296320,56.8198373378173,23.715561646670626,4.515638135167083,0.05032809,-8.488950758139577,-22.93294564353372,16.082758,2.4127617,0.97261125
65004437401569664,56.74245105010891,23.56061715976777,7.355182666949437,0.061603993,20.16316093085053,-46.009191586085336,16.694729,2.8807096,1.0239232
65020208521450496,56.963082270941264,23.90762464039711,3.8185439555296274,0.01703293,17.371975282311993,-9.371017680452919,13.647564,1.3959532,1.0412979
65175480179315840,56.36469576574965,23.632340550413826,7.566883576477941,0.09540024,20.970122285631863,-45.66117693144511,17.297462,3.0938892,1.0161119
65265674492422784,55.9314251981591,24.213757929647073,7.427304424110286,0.12562232,20.931081673152953,-45.14194402105124,17.757893,3.267561,0.9560146
65068758831377152,56.16968127113597,23.36355487337436,3.6644515247448335,0.03940074,37.176776518203006,-51.2734790748204,15.525578,2.0979462,0.94690645
65277975278721408,56.4177969686723,24.28890740696102,7.476717798256291,0.08458555,21.796597384732486,-45.31177658951856,16.776691,2.6368952,0.88658035
65278387595677696,56.49073810284947,24.260811790197153,3.068178476701258,0.08446792,-16.52575730235904,-18.813665143920097,17.146551,2.3066902,0.9953797
65244435877629824,56.11636811943141,23.999769098826523,7.233113577210932,0.13837585,19.08858362212825,-45.099395076699054,17.847445,3.2905197,0.989104
65199669435111552,56.709460367343674,23.789711231549553,3.409513961478151,0.022962324,-2.7936926531017807,-48.630021672041295,14.053296,1.465663,0.99673796
65202830531043968,56.52724342554522,23.838809459032934,7.1765118083800425,0.029876087,19.691236808686746,-45.97218248922506,14.606908,2.287283,1.0041559
65299381395665664,56.11065422848616,24.4863483154422,7.065712191934261,0.0658039,20.990279699134792,-41.94665970999995,16.308125,3.2110863,1.2607634
65223618172733952,56.664208814994886,24.029479832481186,7.316839029051112,0.01424549,20.265107296934566,-46.22769834800418,11.957084,1.2012396,0.92620397
65284228751087872,56.455770517407075,24.418506109786513,7.260957615101932,0.04586537,19.208686755382555,-42.78245942405292,15.503866,2.6440277,1.1006508
65289623229979136,56.02026285603311,24.275319181164605,7.285423899385576,0.020213522,20.133680883909427,-45.35637699913802,11.209136,1.0527544,0.9129053
65232311186518144,55.881621035025184,23.70057824389496,3.031707727344448,0.020339651,-24.79227207992811,-25.413264688682496,14.072909,1.4913158,0.9752411
66553443128503552,57.56367778980366,24.22654240156528,7.416513000247243,0.055680756,19.30252252790308,-44.28117503899102,16.20243,2.8745089,0.97568065
66555985749157760,57.35836849831732,24.24749646235856,7.454869915597753,0.03234104,21.248523208475092,-46.07484917184325,7.9557376,0.23378706,1.0117768
66504755379545728,57.23749155579294,23.856874540730196,11.594324054546423,0.03029825,48.0769414241189,-57.90327317993762,6.385194,0.51511574,0.9815908
66509355284993280,57.48778224525075,23.953091263163916,5.220983389044026,0.018820519,-4.013523946739649,-17.350618465071165,9.775113,0.6557913,1.0934086
66509359584226816,57.48765348185432,23.950587304785206,5.21051866504258,0.016121708,-3.0847801604334273,-16.34466918415745,12.847017,1.2898884,0.9648805
66443869923093120,57.818092616750874,23.693341302380546,6.473853090252945,0.056425657,20.990794480220988,-3.5746367334788074,16.215954,2.8968782,1.0881634
66546399382244736,57.91812044434948,24.319290277632184,4.525569430673272,0.111203685,31.532713873751245,-95.8061846508547,17.554747,2.8174934,1.0825796
66482868226100096,57.800396950236845,23.93243025022529,7.523942582220989,0.019901518,19.626753173263534,-46.632699110412986,14.081378,2.0330086,1.0512938
66565778274538624,57.54494597991424,24.47802874104996,7.400733451814482,0.10213797,18.486871543537866,-45.289806255718666,16.925774,3.1714048,1.0290276
66709986095274112,56.94688259241519,24.0231665303183,3.337707664899965,0.036706127,-4.515560019954202,-2.778677638355221,15.516434,2.0711823,0.98343056
66556535504958848,57.40235505704586,24.295859565672455,7.462035109288245,0.022498393,18.182616410101808,-45.94347227111504,11.475932,1.0647631,1.1675231
66556982181558016,57.36710058784411,24.30996989281493,3.54379959967377,0.01417734,-4.817545719800861,-29.16873261758967,12.434382,0.9524641,0.9950318
66715827250786432,56.88340577218757,24.173392342814555,7.490687523590323,0.107790254,20.5733425299048,-45.742144344088786,16.851921,3.0139809,0.8414757
66739982146803456,57.07214182983378,24.504220723934463,7.443940703770764,0.01958719,19.948050725702974,-46.219669158617926,13.717735,1.8534374,1.2109858
66837666882809344,56.729120683864,24.922213845883373,3.7443556085782568,0.020524334,-3.44482568736912,11.685322630441418,10.916565,0.91957283,1.0001336
66765751950548352,57.171554795181024,24.62096879530762,4.135554425072081,0.024892671,35.00632362464596,-6.250538657714301,14.241966,1.6020002,1.0246758
66767843597097856,56.99745157519385,24.593481650943612,7.360473013880846,0.13720988,19.789732135352605,-45.6850455441756,17.77927,3.3148994,1.0213176
66710948167949696,56.89387479189458,24.039553949276844,7.493789781759396,0.07348523,19.01304665662284,-44.97089053166092,16.773333,2.906951,1.0432895
66802688669199232,56.3955847215845,24.629548566993673,3.8844470412071774,0.087770976,43.868683417350006,-17.55748039272157,16.758997,2.586874,1.0997949
68296409574433280,55.9582119102079,24.467322837979076,3.1272497536306987,0.08781496,-2.0735210349667206,-6.4146480838913655,17.008682,2.4468498,1.009616
68299776828793600,55.88196435645275,24.501342928418484,3.6620227087051664,0.072669216,-15.461080376038344,-3.1626021024600885,16.695765,2.3452225,1.0315624
68308882159427840,56.10672868467131,24.681159703039956,7.775523482076141,0.040982436,20.977456146011534,-46.97992302418597,15.432,2.7470636,1.0681502
65006395906644992,56.91351779453881,23.67544566268624,3.0264321626758783,0.10594694,14.806529249451026,-25.93000214145897,17.129593,2.4154358,1.0925651
64936508198907904,57.18936995061114,23.33871256339361,7.447798847561577,0.013643309,18.982770188489233,-45.7642685493916,12.882789,1.5054159,0.91519207
64943792463527680,57.41151304915196,23.421639077363984,7.428357875359651,0.07585446,121.35327745268526,-32.72794310781977,16.717127,2.855466,1.0054153
64946025846426752,57.2033347873996,23.41318138675708,7.362773276027829,0.093172885,19.200505579399927,-47.02477563440708,17.347544,3.2199097,1.0406598
65167577439502592,56.15126273681793,23.502902827384098,7.196435385252507,0.036829636,19.261618283223093,-44.18167451157026,15.381319,2.6189442,1.0963196
65202383854448384,56.49673767202074,23.812867344430007,7.584054434284224,0.101854555,20.4579022335004,-46.74669948230612,17.039532,2.792656,1.0317597
64981137202021376,56.51728508779695,23.40531966531974,7.349143996550216,0.014684566,19.01388855774152,-45.462388901362175,12.397641,1.3820219,1.0410229
65296357738731008,56.39368645440966,24.463106878376045,7.351642646560689,0.03236741,18.45262299245357,-46.101289273382704,8.54996,0.49812222,1.2320466
65297216732192896,56.29073017755671,24.484331401239217,5.90604845975129,0.01900697,-11.048759682194525,-14.631435783899137,10.741299,0.84895325,1.05061
64934893291213952,57.11688600086402,23.300556775545953,7.461381901990386,0.01333222,20.398676841565134,-45.457547140444355,12.242328,1.3191109,1.0005586
65289279632598016,55.96571153528893,24.237623054397357,7.258986318244718,0.061165422,18.739842453436488,-45.7796111765911,16.479933,3.1174393,1.0665101
65290825820817792,56.02752790739107,24.336397923180634,3.468987263196485,0.017583942,30.58086550630111,-24.556344971460916,12.855935,1.1974297,1.0954213
65267736076720000,56.32809412515995,24.056097394650536,3.3478107463611395,0.046543937,-3.193698611753409,-12.716045923989025,15.886391,2.0648632,1.0064945
65274333146470144,56.326385344697286,24.211459339376137,3.022427757746233,0.10729932,23.225827865540282,-31.93601633697224,17.292969,2.6300755,1.0491813
65275020341243520,56.19942719256715,24.214450818193416,7.226131411222815,0.07371257,19.303777387711943,-44.73235024108452,16.460293,3.0200386,1.0059536
65298208867376384,56.157474125161585,24.427286641096313,7.1937748508307235,0.14655015,20.052625862739475,-43.731594850314394,17.7707,3.3192596,1.0870405
66514410465753344,57.53013426102398,24.019237139785933,7.476024419046376,0.014254712,48.707333396045335,9.421167586765897,12.078294,1.2803965,1.0204601
66555573432261120,57.5542317446932,24.35181775807784,7.242842948139719,0.046472624,18.91281125677541,-46.54540443340967,15.331129,,1.163449
66486613437582464,57.71234435994343,23.978782486939792,5.872953318573107,0.08234983,16.51052408530501,-38.21380749491175,16.524082,3.2027216,1.1758201
66563270013619072,57.78111155134105,24.480858367481463,4.359996150210641,0.024136346,49.496559066836,-39.983534691889865,14.510018,1.7351475,0.9423103
66525061984664832,57.320091876639715,24.0160781290582,7.580502634460286,0.1334272,21.349086797241917,-45.863136283697386,16.842762,3.1020355,1.2055372
66565365957676416,57.58720760547455,24.466545088074653,7.247913855179051,0.023266941,20.345935596036103,-45.482774434852004,10.915199,0.9196377,1.2305748
66712872313875456,56.997006319300915,24.099146835719896,6.420860042893267,0.019996084,-7.513744141943574,-20.569819376434797,10.187555,0.7633343,0.9760527
66534132955565184,57.645636809608156,24.034361034424865,6.936057499771289,0.029131318,6.488948471283738,-140.3389730220832,15.178548,2.327589,1.0067914
66735446661374976,56.782901747246996,24.39366460107138,7.034787986819494,0.10991367,19.49858518138614,-44.450118046415774,17.16143,3.0484152,1.0650328
66762693933861504,57.10220090923876,24.503554061297255,3.5628402309428804,0.04923253,19.904529124667903,-6.519953946542408,15.890775,2.0364523,1.0401511
66728089380491648,56.796014445411146,24.230810652961136,7.219228074892927,0.13816188,19.51262477045458,-45.79436569802546,17.542105,3.0739517,1.052468
66787119410915072,56.662143404284386,24.5201075850397,7.412614947686768,0.013819418,20.23976526440455,-46.04620425308153,12.868829,1.5127659,0.9290448
66765751950550144,57.168551370949324,24.609291605540086,7.481852062532634,0.05812273,21.09433557700707,-46.54092951892664,16.251667,2.9620256,1.0530705
66840415661872000,56.734253611883396,24.995711326509735,3.95819603784683,0.12889755,9.483783404584955,-29.64860310381596,17.495403,2.6761665,1.011734
66781832308018176,56.618484292947535,24.433739343907018,7.373997130574647,0.016248994,20.11114396745309,-43.52995455982669,10.873117,0.9607105,0.9885728
66790113004948480,56.72053388376156,24.533607115844845,3.125079179343343,0.019594213,28.43213597430693,-8.995043656810138,13.994309,1.3963156,1.068295
66831069813319936,57.175686739164334,25.007696354218737,7.342300530836172,0.04011301,19.764167455834702,-46.08059701474693,15.47262,2.6695328,1.1613567
68310359628169472,56.09137691950323,24.768206717219375,7.409644234463458,0.017603276,21.237661235420852,-46.651102602560094,12.553257,1.3937836,1.1281407
64933759417767424,57.18418961094356,23.260465412980825,7.471546737251657,0.16829574,17.13655076339148,-42.40674599011606,17.388992,0.9155865,1.0067897
64933759417769984,57.18299036630866,23.2596150203104,7.318904571155356,0.031011451,19.293731697883047,-44.88499205938077,8.33693,0.38464737,1.3925788
64981897413210752,56.57727633637798,23.47861004509044,4.036925943871814,0.086547375,42.48122382136202,-25.495037123467846,17.149256,2.7467127,0.98770535
64982344089813248,56.46988426929079,23.46487435939193,7.216786495064386,0.058647167,20.003641467123558,-46.246385433920125,16.27454,2.936716,1.0719284
64912009705490304,56.849467055307045,23.149004829363466,7.346863076857361,0.051714923,19.44531824588345,-45.5403292607655,15.890427,2.8284597,1.099646
65010239900405504,56.77834370556732,23.71495241087836,7.3503939491290735,0.015928173,19.425567035566697,-44.40913844613404,11.99486,1.215661,1.1385349
65171941126264704,56.435429458101844,23.57713980980712,7.037399454572125,0.017597808,-0.5254896371227353,-75.88276940181446,13.513168,1.7552347,1.0866346
65258871264241024,55.94984798585096,24.042122160795124,3.0121277687125487,0.02783684,-7.910215124182576,-12.396234507815628,14.921579,1.7140217,1.0053736
65249250535404928,56.06105910286945,24.101914672074734,7.1375867450273605,0.017789356,20.708631306878623,-43.43679844036549,10.878019,1.2813435,1.1756079
64994782315158528,57.140108315825096,23.54245541795641,5.79554969924242,0.02281158,-4.772637980581677,-17.909969058421087,13.8162365,1.825139,1.0499614
65232001948872192,55.93408630304782,23.682205184083116,3.2412353208139906,0.07673314,54.42102422458236,5.741490139776859,16.847033,2.1896973,0.924753
65020414679879296,56.96895425474899,23.94102406851244,7.376293478669214,0.020493563,19.684597110725647,-46.393807800230576,9.761056,0.7080078,1.3117672
65020655198048128,56.93725139398658,23.948558877363013,4.013723437317721,0.021800296,160.52793693891937,-15.14907693990739,14.403745,1.5026045,0.94235516
65241863193865856,56.05066499276738,23.876887924642986,7.423976552521405,0.06346344,19.99343255069661,-45.11111429836059,16.52288,2.9920635,1.0594523
65277288083965440,56.362565200348286,24.223855835185006,4.285596962274736,0.10809243,27.440481149623007,-51.535370582882734,17.150494,2.7298346,1.009561
65200283613608704,56.61546284551448,23.812491723079685,7.3976813023598815,0.10949784,19.371365646455065,-43.87192840251005,17.136478,3.3704548,0.8381101
65165653294149760,56.30591985851103,23.51671671299534,7.172780984631883,0.056789428,20.675289820301945,-44.85616584762688,16.157358,3.2043476,1.0579132
65226092073881856,56.724915748846826,24.132370680376567,7.1171559330370835,0.110612564,19.309047531519298,-44.32380590885371,17.303078,2.826087,0.9730997
65247704349267584,56.05452292932521,24.030615863047565,7.594803806906587,0.019991616,21.404856037527303,-45.88621865204381,11.167223,1.0097103,0.95421356
65283094877491200,56.48651262988783,24.368679378469434,7.309588337637114,0.14476661,20.47253405385219,-44.49840350420613,17.706953,2.6659107,0.9898644
66517468482370176,57.07512164513408,23.891273678457935,7.295109846533388,0.02168634,19.104444028563226,-45.3486188239001,13.975899,1.9212399,1.109031
66558249192653952,57.48590927641627,24.348794070150266,7.315576014582632,0.031920027,19.505374073802887,-44.599599471397354,7.546007,0.08989811,0.8341919
66555573432261376,57.553681045693764,24.3516155481885,7.243086363411307,0.02929124,17.833343166460896,-44.351060633719605,14.462538,2.2067528,1.071376
66500735289935616,57.381912556227626,23.745635793955316,4.739937242263323,0.05056821,-0.9065368191461181,-14.392441193258001,16.260338,2.451251,1.0265031
66729261908482048,56.791988143840086,24.276453622807093,7.357064223916837,0.02060636,19.959460137901697,-44.498036812412536,9.376594,0.6450882,1.0107602
66710845088732160,56.94337881610533,24.050481718343995,7.555830848391911,0.02870886,20.172732693758086,-46.513945005186066,14.752962,2.309679,1.0793425
66728265476081408,56.73055847874693,24.187798191519004,7.225399757694413,0.14798135,20.392590515354556,-44.02063830180597,17.19236,3.5798693,1.0476388
66765270914195328,57.29354568187344,24.622750236543208,3.0562549098299496,0.06670336,-10.885674022028741,-45.649677575315465,16.6215,2.2484283,0.98116535
66765889389494528,57.20320974019184,24.634833382513516,4.9317481727021555,0.024325095,-10.893533975336323,-19.63839605802651,10.566019,0.7505274,1.204762
66775956792811392,57.21682483386674,24.755371545460413,3.6006912491083893,0.054614883,-11.254443779480358,-9.910176112739634,16.095503,2.2462168,0.9449222
66777331182332928,57.24004702605212,24.810976568256468,3.3998648124986377,0.122678675,20.642570279731448,-10.480277238423037,17.573984,2.6265411,0.96230865
66801623517295104,56.536336992339514,24.675721556933823,7.373604115597466,0.08579178,20.873189844183816,-45.69153438245064,16.6805,2.9957476,0.99294305
66744655071818240,56.95867203694846,24.607352125865503,3.140928912794499,0.15877189,-1.178583275663748,-16.244349779753712,17.934473,2.8273163,0.9856327
66747128972365312,57.42278987322098,24.414928191474313,3.464019479435025,0.01837565,2.5969388499437693,-22.3892009789883,11.944245,0.83601,1.1981075
66783928252047744,56.708524167110795,24.4958586342095,7.035263896954224,0.048016753,20.351311257258416,-23.501343563834737,15.969955,2.5260086,1.0567524
66813065310153472,56.629622754702844,24.820405609547713,8.43763595912417,0.050484445,54.803438463919434,-77.01054329297966,15.612148,2.600316,1.1639205
66732423004453376,56.723447112517924,24.287294176897756,7.368695724018906,0.03657004,19.249077626062416,-47.50404014517325,14.973033,2.7211971,1.0109967
66800592725851776,56.54907922003248,24.622119094596144,7.550076412992421,0.02076642,21.195216191185757,-44.69592411866067,11.405896,1.0540123,1.2001574
69819198819177216,56.35503775363116,24.911393076487396,6.342442053932584,0.05039367,-10.555482335199489,-42.031029112339496,15.791223,2.5054045,1.0184299
69818850925691520,56.51317413447351,25.002567414050507,3.111667531551423,0.10032944,23.267936982000542,-2.9312723458475793,17.286243,2.585163,0.96962494
69818889581503232,56.53055045037157,25.01917186794208,5.559426728157714,0.017777802,2.3601837507426007,-48.98627134814947,13.416118,1.5572586,1.0332592
65014985841292032,57.07240387537332,23.806397361704857,7.160999926269235,0.08132009,19.836314489992358,-43.429277219843186,16.735138,2.995575,1.0162568
65011962184337664,56.96658486416223,23.66317575454774,7.8091896514290235,0.10996326,20.613921327030738,-47.069554481239216,17.058777,3.1215677,1.0405909
65017627244152064,56.837462886443596,23.803141100251725,7.312944753255134,0.039188825,19.09568001950756,-45.519794998351045,6.997606,0.04240656,1.0218508
65017906418989312,56.80702207600254,23.83129346815246,7.390669390750133,0.031746693,20.66186880960353,-45.95186620571028,14.748187,2.6375847,1.0817058
65161976802151680,56.245746416315335,23.38872896889856,7.5470189892983015,0.017958445,19.889033018800962,-46.94423051275082,13.3745775,1.7224798,0.94657576
65208740406022016,56.819180910902766,23.93443721653931,4.012910573900315,0.07480106,0.7110111140225477,-11.338336268698965,16.761787,2.6219816,0.99194926
65213172812266240,56.74722551551796,24.02839263224941,7.1077553498191515,0.06474641,19.231314049232395,-43.90906851628049,16.13903,3.0877132,1.1177913
65219078390661504,56.35423170074816,23.949827264354493,7.701295884441906,0.11028277,-51.22871795603078,18.591498483342935,17.646011,2.957224,0.91922736
65228772133391488,56.491372159992444,24.14454409490353,7.56224918935397,0.13930252,20.64192353731954,-47.49822521472331,17.9169,3.3296375,1.0240954
64937191096658688,57.055328186345065,23.252686575736174,3.9574926928613183,0.014860274,-12.506792430675246,-11.380169088068406,11.8774,0.86874294,0.94465536
65262513396409856,56.00092224951833,24.200722099023835,10.321170033888125,0.019751396,-26.511951011157414,-89.26896975076188,11.169416,1.1461153,1.0895989
65264574980717952,55.80688731906112,24.175304936248775,5.197743271058745,0.016780293,52.5441464771308,-0.4202230634356388,12.462973,1.185852,1.1395464
65170016980919808,56.23629783447908,23.60638236898229,7.500034623921711,0.06425519,21.21935363059592,-46.27851751485042,16.171886,2.8697624,1.154042
65203861323189888,56.632982838632856,23.8616808919858,5.68958957416146,0.01759053,-11.983262136311962,-29.621011943705895,10.782198,0.96929455,0.93577904
65280552259109760,56.30484671502358,24.256408737061175,7.830308376105879,0.124682255,22.395162862478262,-46.54478166747177,17.197369,3.1227045,1.1298686
65280930216220288,56.41247894733952,24.295626256596886,5.365570211435791,0.06908928,5.1420436563626035,-18.232113058031317,16.353662,2.538332,1.117946
65281239453865856,56.37602962223804,24.312444915657963,7.338781422028091,0.026541505,18.946319933632715,-47.250448256608685,14.607255,2.2880154,1.0718954
65274741168870400,56.21927034930751,24.192109628868288,3.9465562078318164,0.071457304,22.230487597684945,-13.712953455779662,16.439728,2.327426,1.0376785
66446549982729856,57.50945843103957,23.55971403946775,3.7157934576933864,0.0692344,41.99800240654083,-28.81330330440193,16.694124,2.4010992,1.0351119
66453181412027392,57.49021652557216,23.724321434845983,7.226296204120492,0.11827104,19.09542860220549,-45.252255916425355,17.699118,3.4090595,1.0172051
66552309257137536,57.52528738096743,24.24296107928786,3.863742567554526,0.029182201,-2.912692895199023,-5.655046169939683,14.990469,2.0490055,1.0593905
66522107047046656,57.038448290869866,23.97778621777134,7.268901985724207,0.06341707,18.50190436130725,-46.78460799602044,16.513573,2.8769464,1.1327714
66522137109124096,57.042454617718754,23.9887810553353,7.155010040680028,0.118429884,20.40412533095061,-46.03483853838782,17.764944,3.351225,0.99524105
66522377627294336,57.012499624884164,24.0012898055372,4.310917449472605,0.1300107,69.93442322300184,-25.955043439932957,17.671925,2.816679,1.1295671
66539871031852160,57.59944801254231,24.18089165527554,3.6519001402327445,0.015761413,3.5545653265330843,-17.963335546444885,13.442175,1.1937284,0.9702721
66540626946092928,57.635916361207215,24.18041667541818,4.128867855726084,0.014920599,30.800582578531326,-2.3677157019673514,12.840407,1.0638456,0.8776436
66531178017967872,57.19179572682798,24.169978738090546,7.266633947167958,0.083195254,19.04569974764892,-45.24692745584717,16.580677,2.925684,1.0282629
66531418536135552,57.2148810045494,24.20468553509519,8.842858306837066,0.0331635,19.992964095576234,-27.83030541131149,14.958524,2.5717459,1.0054193
66532621126978304,57.256307043180996,24.193801656627617,7.2574319959588145,0.06472408,17.890950946641645,-46.603874445360866,16.443531,2.939495,1.0527023
66714177981308800,56.87471148663865,24.096925873956415,7.3060498316672735,0.15838942,19.549174656906196,-44.04487051734967,17.279522,1.6539793,0.86351204
66716823683188352,57.00067622408015,24.21003808096909,3.129337060604331,0.032466423,7.601006748667194,-9.24399277998955,15.037942,1.6857805,1.0961751
66734725106867968,56.81444649566894,24.39176364290305,6.954858021476296,0.12478726,20.305497758988878,-45.215230361288285,16.997358,3.3263502,1.0453055
66818940825520128,56.992644626910305,24.81768305003801,4.611451700280093,0.04366111,6.0497501728150365,-22.699206857434866,14.578759,1.937418,1.1861196
66780900298410496,56.64827614269544,24.385369852926914,4.3792477844718665,0.074264295,207.50987736123204,-129.26255597163131,16.878784,2.133442,1.0347409
66813786864653952,56.634062883576696,24.870522124831343,4.710490171233372,0.01694999,-4.898383345977502,-8.269863482427283,9.761303,0.64585876,1.014189
66837117127001856,56.69411637408176,24.881056523138902,3.355987041095485,0.1481643,-15.443355965203185,4.808012029269918,17.883747,2.6606464,1.0533705
66749327995636608,57.252005400009544,24.422343792282145,4.6963469070347506,0.07973376,55.417462319446315,-38.57050841116286,17.237394,2.56781,0.93273485
66804406656115328,56.40309754227572,24.651676322824763,7.201061397315414,0.05701036,21.417715899391748,-46.242681287895564,15.301958,2.9065533,1.2912995
66823407591378816,56.96799929253467,24.88854629962871,3.9797813853162354,0.051938877,-22.665399310007327,-48.78128952993137,16.211754,2.3559551,0.99261737
66760804148170624,57.51717919615001,24.697242119986477,3.291920610034321,0.015004606,47.24980570128567,-24.7737938775102,12.751808,0.99852085,1.0870018
68297406006861824,55.831551913473405,24.41596878544954,4.607742675051445,0.016393395,14.88786837266264,12.017259208224992,11.865888,0.95320606,0.90409493
64988322684358144,57.09464904982035,23.461746193162426,7.509023760722854,0.075521074,20.586114440560067,-45.14237539307773,16.84718,3.1534615,0.9564138
65010519075247616,56.84458758907592,23.73506530393574,7.481431550014758,0.05813675,20.220945081172403,-45.791995280139076,16.342907,2.9733076,0.91359335
65012164045754752,56.98327892010543,23.695975638057266,4.188442467000033,0.019772507,35.328105140930695,-6.118117399904042,11.511332,0.82960606,0.80000126
64960663095015680,56.73798824228322,23.25047049143303,7.384762820159983,0.027009666,20.41595636540456,-46.05522995907874,14.486368,2.2120152,1.0136526
65162492198224768,56.285083015982494,23.416768795341113,7.462238224855825,0.13638216,20.62067712169717,-46.40973690595329,17.780386,3.2430534,0.9456038
64930426525307648,57.38858070702721,23.371659343731526,11.852060226448144,0.038859002,96.95245088376257,-21.415992843390647,15.516936,2.7089348,1.0118145
64980278208557696,56.667776381106805,23.49753520641864,7.361204841283511,0.0162757,16.022889853821308,-46.94145136941275,11.961676,1.419446,1.227622
65299965511216384,56.16515315807857,24.52875146114693,7.422471130114677,0.04137065,19.99497293917839,-46.24616712348573,15.661935,2.7471676,1.133611
65195408827472640,56.29627907426358,23.89463336007782,3.1487842969342554,0.01921567,35.96809830414721,-29.029494921278047,12.143853,1.3991947,1.33921
65201005168202368,56.68813487849803,23.877798332516512,4.801705522218206,0.19031842,3.8407265080159254,-21.05727647755993,17.968317,3.0118637,1.1842877
65208396808627840,56.92276375783222,23.97172758846156,7.3675798561772385,0.01742896,20.52465570040364,-45.03220218366824,13.007188,1.5474539,1.0548341
65284469269256704,56.42449682534324,24.431316803451438,7.374518162509229,0.019830715,20.51139814322395,-44.71388534229041,11.090695,1.0036373,0.93806535
66451429065390080,57.37428421162854,23.648515417234574,7.4006288091952,0.093945585,19.230632867310945,-46.265249340902585,16.797077,3.176795,1.3766471
66454109124956032,57.50381175027214,23.76501236785043,4.471652920885955,0.11024387,23.527230877098262,-28.49173849796521,17.742245,2.6133537,0.9593581
66536331978799616,57.739304037058716,24.10836898081129,7.2832093920825285,0.03453801,19.00204493245024,-44.096572621397236,15.43928,2.5498629,1.0341716
66480944080770176,57.82037107284832,23.826399611095386,7.332011141563543,0.017303022,19.840058870006157,-46.76124451832967,12.090216,1.2307539,1.1693642
66500872725207424,57.40023261383195,23.76293038588408,5.000687126101933,0.061120603,-2.5311831707420382,-23.991114705304163,16.190878,,1.0494059
66500872728884992,57.40023776231349,23.76249094689269,4.860914638879193,0.076120034,-2.1048743079086663,-25.090571945233112,15.790326,2.5982542,1.3034343
66494722335771264,57.963396748745716,24.1284783620354,3.142481862191653,0.039689198,4.827371390662094,-18.944688468542775,15.480963,1.8928823,1.0382797
66469742806047744,57.91338206199028,23.854915222382793,7.570281067984224,0.08894464,18.862964293747872,-46.428949981441505,17.095089,3.3207054,1.055996
66539252556578816,57.52114270787197,24.12375084194353,7.422949703786111,0.016218755,18.326223989836638,-46.97900933587258,13.446994,1.7277517,1.0460765
66541176702816896,57.6802824138623,24.220924908528687,3.8914393567025383,0.124221325,45.619361099018036,39.96575223954577,17.742632,2.4585915,1.0234281
66559078125581056,57.460277687602186,24.36241429512555,3.237125389829999,0.08690718,21.112397852656137,-18.58041430480381,16.50865,2.304432,0.9996618
66714418501518848,56.87239647545671,24.114112461279156,7.311236732528621,0.095931165,20.936026699698907,-44.53787427995938,16.843014,2.087882,0.9165302
66517468482370304,57.07140351416555,23.890150538515897,7.288929036654956,0.015746474,17.88603537123723,-45.49537923971175,10.245731,0.79774,0.8990129
66732457364153216,56.70128000176602,24.301678582406836,4.218265855385362,0.034670394,-6.869657710329215,-6.033651450167962,14.664261,1.7523489,1.3343688
66742765285619584,56.96235820156938,24.505016189025188,7.355850981343791,0.037125397,18.640018588177448,-45.03502657120565,15.015844,2.4399347,1.1241056
66507469798631808,57.491988012399965,23.84848726390722,7.389021187429237,0.038253613,18.377840455207256,-45.870328430863225,6.806421,0.05533743,0.9739202
66779358406877568,57.25420132319898,24.902607776194206,7.629451775111978,0.047509544,20.28361932283305,-47.39279179600212,15.694813,2.7941723,1.0742036
66779736363997696,57.26830406375863,24.905429543750866,3.9085213128289733,0.084536806,8.0026266860724,-12.179317930068695,17.051382,2.67667,0.99694705
66719194505127168,57.147957099171315,24.200692552456047,7.210367345445619,0.11553316,20.715969900055256,-45.71541499343871,17.41301,3.2321148,1.0471992
66799768088857856,56.52886446572594,24.562605127900447,7.375676434135071,0.016680803,19.40326285830028,-46.97160287418177,12.692504,1.4467468,1.0467386
66825263017356800,57.10570386624545,24.87794807610678,5.308295648176304,0.018925494,79.39817643766958,-24.67677838629107,10.579395,0.83012486,1.0839875
66832100605159424,57.07381062715844,25.04764063408678,7.499269077311336,0.019107254,19.516684921075115,-47.057326027126166,10.744773,0.91848373,1.3372483
66768225851838848,56.97633130822503,24.634517493716288,3.5055176503854883,0.13808109,39.85249437784303,-20.500376375785173,17.626587,2.5656338,0.922799
66846291177113088,56.83687734919407,25.086565724768334,7.256440119595136,0.031353235,18.658646636187495,-45.977086468875946,14.673388,2.3138905,1.005088
69812945346809344,56.2865856843926,24.84194865005806,7.377864703423147,0.07577354,20.86138532272807,-45.364970916611675,15.99179,2.612996,1.1523504
69812945346809600,56.29068291043696,24.839057004118633,7.222157170572348,0.055079572,20.218136384021552,-46.12398123648605,5.6404076,-0.08046627,0.89882505
64956333767892096,56.45749350425022,23.180266940028723,4.173976198523186,0.10262459,5.748083703086245,-19.704812226305897,17.443356,2.6464977,1.0174879
64987631192930688,56.966426406598515,23.458491924547264,3.5638052195724024,0.11455521,-16.735023041177197,-1.5188272455863479,17.43479,2.523079,0.99123317
64908500714914688,56.93671200054455,23.135325047137975,3.286702708954207,0.11231604,9.173498837920173,-34.082611529104454,17.52248,2.5905876,0.9930112
64927368508592512,57.52090986726331,23.304637841703407,7.370344183553121,0.11851368,19.019871912126003,-46.8526775047032,17.534443,3.216154,0.99089795
64928261861780480,57.58181536167126,23.377680380746384,3.297128476777517,0.05382854,-17.48627225282081,16.79285425869927,16.063198,2.1178675,0.97740835
64954199166956544,56.692774847275864,23.17008036397113,5.091890986253661,0.1248955,-16.64846233613573,-21.062557038685117,17.407696,2.6207104,1.0115862
64971177174850304,56.54194518314664,23.339791180056473,8.18592379280657,0.018085033,21.08201982986673,-49.85086216733037,9.99517,0.7957506,1.0064452
65221487868870784,56.46524526083272,24.03867637774549,7.295877939593721,0.034636375,19.8061014454413,-45.00296374339572,7.8336287,0.2657609,1.3362249
64943586304992000,57.288354235210704,23.45136728872082,5.997892646198088,0.0729016,3.313443048659579,-116.99906427379138,16.66074,2.741063,1.0920932
65179946945247488,56.087034239879095,23.56092855087351,7.372910720374971,0.042416297,19.28602141734942,-46.30352599636022,15.793812,2.7235603,1.0418881
65184718651940992,55.982963140409524,23.642560220902542,4.25807680999108,0.13704136,6.198842408275354,-2.5491686765667665,17.730366,2.6917877,1.081397
65184894747573376,55.90468213861298,23.642095008724848,7.380512084447238,0.0614245,19.871268352271496,-44.6156897748046,15.929374,3.057953,1.1792295
65292268929825408,56.112090967849646,24.408645421392894,7.176701000098328,0.029531645,20.199761658090104,-43.419547832495866,15.011795,2.3948364,1.0468746
65295292586851968,56.2711150497246,24.421401691374307,3.5191109142825208,0.11876372,34.97631083045439,-14.73751944345214,17.29184,2.5686455,1.0677456
65233788655261568,55.89349233390916,23.761713579644525,7.27281753089127,0.029543715,22.96594039164058,-47.11639672043164,11.201932,1.057806,1.3708965
65301168102059136,56.18687564863936,24.52043030496556,4.015117464912593,0.07108798,22.965772172408563,-23.322301804743446,16.52285,2.3995314,1.151652
66522381924952704,57.02772402473882,24.001720385327307,7.189384900282409,0.05957135,19.080368487026863,-44.48204907370185,16.501642,2.957158,1.0318178
66523893753437824,57.1091158768964,24.048182417276898,7.419126279193348,0.017497888,19.673447078688287,-46.25819665857012,9.903484,0.7340889,0.8739928
66442151936188160,57.767349895229536,23.643054223091937,3.8503705406653204,0.065154284,22.813487586728975,22.91189845369098,16.235876,2.2822285,1.1503543
66546742979468416,57.92638266259304,24.361311807427377,7.336717461362355,0.06703637,19.79467123420374,-44.488169793929515,16.63125,2.9188995,0.99140495
66550763068859776,57.82618719063425,24.400081638322774,5.389803180390165,0.01784635,8.146719724571843,-18.340409254183193,13.894043,1.6013241,1.0417213
66567015226036864,57.63130694460465,24.509286405296574,3.66207772237132,0.028886737,1.7661085764823377,-4.608428629534944,10.912104,0.65409565,1.0843865
66506576445678976,57.25888876637355,23.89326111395241,4.54230155612764,0.018327873,-25.538002546638033,-28.594712562405228,13.527286,1.4405851,1.0176004
66771520089181312,57.283188357461796,24.66597471704796,4.628142376558276,0.080420606,8.698905978524325,-14.342687907432943,17.053669,2.7922544,1.0630301
66712112101175296,57.01144788234142,24.09426776578371,3.131836578078279,0.06658512,0.39561442000375324,-20.2662571537686,16.5013,2.3349485,1.0106877
66797019312337024,56.79259218176623,24.72634997514475,3.6376095821778587,0.09837772,20.63487512774537,-48.02785916307914,17.533087,2.8907452,0.96843034
66740497542906368,56.883975666463144,24.40493750874421,7.580216981202935,0.10743892,19.454855978660017,-46.58009288982839,17.043259,3.0123444,1.060084
66786505232432512,56.51218035590119,24.527697326214305,7.423127367767808,0.035905674,19.582296508324045,-44.877584847283686,6.4252644,-0.01687336,0.78916544
66805093850868224,56.4664449892883,24.722541771587466,9.037145905335738,0.07741619,89.5861720248387,-24.556912682689166,16.743107,2.8892384,1.0666589
66779564565300224,57.34143853206736,24.911869279534624,7.397308082411872,0.07127445,20.535736201611773,-45.84534167733388,16.700275,2.973466,1.0642352
66798526845337344,56.47976397387461,24.554604059172803,7.3551891416930175,0.024002949,19.533204676406434,-45.55090168896121,13.832768,1.7650719,1.2913687
66727234683931520,56.76502117317897,24.159487376870935,7.276889102352219,0.021857217,19.333333440782077,-44.72484181110621,13.826407,1.8952541,1.031376
66840003345006976,56.839584184737916,25.029289917894847,3.9352154535538584,0.11168801,4.200343553619993,-12.267634705173428,16.944262,2.6055393,1.0792878
66855430868954240,57.64315417851317,24.791530177629987,3.1343787040566675,0.018618856,-8.7520539144555,-10.418337400832813,10.092495,0.655097,1.0247524
64909153549943296,57.099724735801715,23.135471631187595,7.440941514656794,0.08653669,18.02642279431928,-46.27659449132801,17.242805,3.1104727,0.9964595
64971795650143232,56.50760208364583,23.32852700032245,5.635618840160852,0.019826695,-12.987858027137618,-71.7879795333369,13.743738,1.8304768,1.1835587
64938569783224960,56.98038426983239,23.318137232219545,6.691315293436614,0.04874483,18.104691602141237,-41.39668273635665,15.848128,2.6908627,1.0597136
65011481147922560,56.77549159808858,23.755443467081154,7.141353557340774,0.10526337,18.265519303836555,-43.555156923039064,17.294428,3.1273947,1.0635456
65165240977290368,56.290269477363246,23.500261504628913,4.63021123527312,0.024101835,4.5525225679342665,-32.757731877421335,14.245128,1.7683735,0.9661757
64958051754916608,56.550992281939514,23.20807518741988,4.612867391378841,0.015793128,9.140328629741173,-48.09006085535937,12.987883,1.2527885,0.9663745
64999420879827200,57.1051051450903,23.63629357101616,5.194905863393304,0.020149117,7.512190501123591,-1.4556820103814971,11.526675,0.8991623,0.83486986
65244886850717056,56.16394392425606,24.026052719735016,4.518721955135899,0.040042553,12.14431928905582,-33.990295178097256,15.526006,2.193532,0.962515
65225198720692736,56.59364452343143,24.122138567182372,4.983371625757249,0.02366996,10.91174795145781,-20.699801750151245,14.3319235,1.8023233,1.0587182
65280930216220160,56.41412670555863,24.295053539462845,5.531151051188346,0.073446,4.829025741726351,-17.50665927969756,16.513445,2.6601248,1.1449579
65201249983083392,56.52329273640923,23.757058284763335,7.3094182053318,0.025500584,20.57697227505834,-44.183315125821814,14.375109,2.4468641,1.0223185
65295430026352512,56.23507805711012,24.432404748893706,7.3971054023640885,0.023178987,19.698151724297123,-46.135081435179735,10.2749605,0.8318968,1.1424334
65194446754807680,56.247424185870806,23.81527434844794,3.019261929382002,0.024097592,-4.1303397271476925,-29.45946476165249,14.561509,1.6802826,1.130724
65196370900147968,56.22443336960459,23.921085821362638,7.226440781576337,0.014336304,21.062076818946018,-45.346349053981676,10.590246,1.0418558,1.1517957
65269144826531968,56.234680459506556,24.113558491366867,6.248955184425424,0.19737199,13.587329789122908,-38.926129871512586,17.903252,2.1390514,0.9100948
66444694556813440,57.78858061856315,23.712683129714588,5.500692987922002,0.01998974,58.229510801101,-51.74145390014408,13.868236,1.6574793,1.0048213
66526951770260608,57.31906135320425,24.113171281075836,3.514814718746794,0.035715107,-9.885874978112405,-14.72735227576329,14.855479,1.6777992,1.0444112
66460255219152128,57.50445979184925,23.793032988120114,4.379679582634188,0.13256225,-15.547545920082765,-22.23976205312242,17.945942,2.7560902,1.0081124
66462939577861248,57.667058127725106,23.932844783221913,7.251408520456074,0.021524437,18.70635797044318,-44.35811453871019,10.161764,0.7804346,1.2033594
66534991949020160,57.635162015137915,24.06933935753555,6.643411416768737,0.048708547,0.20282506118737453,-16.394639696677338,16.04866,2.6019983,1.0165443
66509634462127360,57.60485631103719,23.92810758936979,6.838599741356637,0.07411512,17.828451126462845,-41.79215628014446,16.713524,2.9917746,1.086405
66568522754499968,57.67678202743707,24.586928371599544,3.9934246170355245,0.017004654,7.979779127547403,-11.62926653870244,13.022004,1.1549826,0.90180635
66807464672814336,56.57483292830163,24.68579851334693,7.373324442202136,0.040124435,20.782566863578815,-44.5278180928463,15.306499,2.5445137,1.110405
66840102128499456,56.838780361278,25.050885320178963,3.2047874099357756,0.1708944,20.345537969855613,-11.4735827471725,17.965229,2.747284,1.0369561
66841205935844096,56.795705522757,25.085999233199267,8.598393435544281,0.046944246,63.705851517625035,-46.33155692865986,15.793282,2.603798,0.926718
66789872486779520,56.747585269534376,24.51991333978582,7.271150194177561,0.035358343,22.271845514767694,-47.52140397943802,6.8028107,0.034648895,0.92515117
66790383585432832,56.77792805078003,24.559755274514234,4.772309175717206,0.091746025,1.6228941319734789,-18.43011084903476,17.417065,2.88476,0.96875167
66729880383767168,56.87281395748792,24.288130246334337,7.230057778664303,0.048574015,18.551020432929977,-46.92179879334844,6.815936,0.10141754,1.1449239
66812305099908736,56.462856694704136,24.813362255884588,7.35247678637022,0.08285972,-16.591921006463316,-32.120892524521636,16.997524,2.7221098,0.98644686
66737095928811648,56.918616532110974,24.364356080566463,7.396118503759566,0.021419695,19.316594733162717,-45.4554205499203,10.402332,0.8469839,1.023037
66737576965143296,56.90697333793039,24.40625196187756,7.342869628062257,0.109597206,20.067565805501125,-47.76913267954702,16.923494,3.240552,0.91802347
66785852397412224,56.474158220254864,24.46890649577369,10.704195851873392,0.03305397,23.98688373117443,-48.64427761617867,14.150265,2.46743,1.3704021
66800180408292992,56.523586281705164,24.612159232258236,7.342569093725325,0.036498327,21.31815347205297,-44.54099990974814,15.064789,2.4615822,1.0981
66833612433684352,56.78572943328529,24.87158678733385,4.011463777195222,0.017726405,6.379446495831759,7.202963628266197,11.896676,0.9791727,1.0463405
68306099020642432,56.00122131401905,24.556792926212825,7.412449484379191,0.027752403,20.53463871701449,-46.18983462732439,8.041619,0.2723384,0.94553983
64942383714829568,57.326091444534555,23.39138196619538,4.423733047506893,0.060509656,-4.100282374855087,-7.627909752986137,16.141949,2.3101273,0.992593
64943208347874560,57.30048773556515,23.4084258538581,5.125654968415364,0.019080764,-25.765290774337558,24.17885036023528,9.358409,0.66367054,1.1533989
64961659527418112,56.851031312538616,23.281518674786486,3.621752693099381,0.038624708,65.97276232565066,11.724015113455675,15.3338175,1.9024649,1.0402423
64999588381514496,57.07052147815302,23.63658449525568,7.19439797679517,0.020810504,18.291523231258868,-44.75731337240399,9.99203,0.7404547,0.9410188
65005846150835200,56.86159637689897,23.633878170833444,7.203188984556041,0.072295666,19.562190919181592,-43.405458911462645,16.335794,3.1281033,1.2707179
65237911823760640,55.81925319484357,23.83358475980971,7.267268144617627,0.06575415,20.109771966703775,-45.41689926668445,16.364956,2.9643745,1.0550666
65199222758514048,56.66684126540061,23.78274102188195,7.423995688819728,0.05679077,18.573060512208645,-43.7319165447048,16.09085,2.8712997,0.9855092
65199978672758272,56.65709673682824,23.78750955142278,7.471863203927212,0.020728955,20.01127262219112,-47.26742342923304,10.045166,0.90088654,1.1117623
65275089060719104,56.1833687967795,24.231003278419283,7.465089779730926,0.026360298,21.46729347046291,-46.4541970849661,11.193486,1.007863,1.2194091
65275089060720000,56.18585240036358,24.223885219642035,4.9868923911451954,0.0897235,-20.425744835531425,-49.12761838940409,16.890593,2.5893593,1.0385096
65276703968959488,56.435155513167,24.22010548147908,7.563215718435812,0.01921521,20.574860698295357,-47.20036506838736,10.392956,0.92116547,1.2293495
65282098447322752,56.353359973199396,24.345769619048642,6.975272360665578,0.058904808,19.667398564243655,-43.51382742212487,16.211872,2.842578,1.0265061
65189739470654464,56.27089546399231,23.768291787187913,7.502788343313917,0.08588642,20.57710525757045,-46.42513221012004,17.109238,3.3934975,1.0821106
65205579310103424,56.798179766691376,23.837317087691787,3.563378387982086,0.08023188,24.989830683944724,-9.176195645097373,16.851223,2.47861,0.9238023
65207709611941376,56.85182143112869,23.9144778917631,7.220987406121659,0.03438313,20.049108040161617,-44.13258985442616,7.286501,0.04229927,1.0006701
65216643145862144,56.51799855172368,23.927842380057047,7.012785824941394,0.052610826,18.57884758828444,-43.37462125979527,15.73245,2.7161846,1.1348923
65269935099961600,56.41378202777228,24.138865613858307,7.258451579517981,0.09427919,19.60135679255054,-45.7889373460749,17.16973,3.07967,1.0806322
65183447341528320,55.989111585348695,23.578253769897817,5.356795728337118,0.017534519,-0.16713410175189392,-15.386036763140819,13.641666,1.5853558,1.0971322
65288489358674432,56.17698941797286,24.31217153001031,3.4402077942654956,0.03360853,19.1957899043657,-16.742883458775225,15.017284,1.8434219,0.98892933
66431775295228288,57.67568656986667,23.49238902121514,7.616449684837002,0.120770775,21.06591688176668,-45.9521760437176,17.713388,3.3472881,0.96974486
66507469798631936,57.491183690526064,23.847947494502325,7.361154060952656,0.033577144,21.026665618554475,-48.1328432589328,10.005213,,1.1162924
66533170882790784,57.2976457525844,24.240006059135766,7.18561969642408,0.074049294,19.355334746538567,-45.80423043004015,16.850975,3.0043945,1.0136846
66482318470301056,57.74773119118713,23.88930527702757,5.478251120466634,0.10137371,80.01377349160192,-38.31044824592624,17.408037,2.9920292,1.0239569
66448027451470080,57.586503371905614,23.586659903541687,3.776114196873904,0.01830989,27.20937960739539,-10.596231291759704,13.69789,1.3490896,1.1428936
66442495533578112,57.695451003924475,23.637335544340406,4.716429015805716,0.029151,5.1050718371103985,0.7097680551044405,14.88749,1.9333477,1.064235
66494894134467200,57.94498956547681,24.1252427294068,4.873209013618764,0.10458191,48.752392028974896,-61.08844465630409,17.395502,2.9412231,1.0053848
66735068704258944,56.74489867689906,24.368788100191935,9.743847517450467,0.055781428,-5.050337645860162,-40.10026857962807,16.176203,2.9231281,1.0692734
66792999222948992,56.868516896867085,24.675696492327,7.372727624081626,0.067076884,19.22354218151959,-47.19616446940896,16.739185,2.9624004,1.0551442
66744895589396992,57.31906363087183,24.328015069610352,6.963450262140457,0.029818416,-46.99828840755927,-28.33097571959573,15.2419,2.6025505,1.0761198
66868315770847232,57.48131118274196,24.8376652967795,7.307688104970821,0.040082395,-2.2440491961770173,-4.176923896886183,15.584734,2.4630709,1.0766944
66799763794633856,56.527189243760176,24.56722164752902,7.359134122682988,0.014687185,19.74939422977356,-46.62428769429713,12.414279,1.3388824,0.9501909
66717987616472704,56.986050095884856,24.258670981441913,7.4346115300961575,0.12178454,20.50994817693033,-44.71688224010662,17.494467,3.2398014,1.0295058
66757746131459200,57.535995314673684,24.671456925853356,7.308001091922433,0.1052049,19.46188347990571,-46.864166573104114,17.477245,3.1725063,0.92295635
66869445343222144,57.447504826715964,24.89456806244386,3.7350793449466755,0.11320578,69.1917406685703,-15.916344841367186,17.69286,2.5631847,1.0274403
68305377466120576,56.10943841540737,24.63421621733952,3.5386657298391406,0.04548263,-5.851168732829148,-12.128894888043426,15.877348,2.1055565,0.91959757
68294416709622912,55.86283390562448,24.405537080716055,8.890734789828093,0.019654961,38.194843675594015,-82.16526596595443,13.820525,1.9826317,1.0784702
68295481861500928,55.98213353783259,24.426204297170187,7.600980175545772,0.019378394,21.385866915384423,-47.7359223755479,13.767338,1.9089832,1.0858728
69818649063339136,56.52405572678152,24.99290204796424,6.479675104869304,0.017909996,2.7622518224788752,-12.191169954807343,9.962148,0.72501755,1.0186774
69819027020489088,56.350629556134706,24.88577921413498,7.384165584979173,0.0156025095,20.543402898057757,-45.56968459352292,9.570481,0.6845684,1.0151197
69842700880275328,56.58936552071673,25.047701255755875,4.3490852154622015,0.031464033,-7.651375595990859,-6.37779434772556,14.763812,1.9025736,1.0000104
65003818926275328,56.84482006359372,23.554419791103598,3.7794969168123003,0.01476349,-6.340503361998331,-8.14704567881967,10.722302,0.83985996,0.865376
65164553782547328,56.352151309521545,23.48674112969349,3.234107739905731,0.018496962,9.280988061456979,12.01797994826691,11.549062,1.259882,0.95721185
64922283267331968,57.3013765497648,23.228140474524007,7.450991731973961,0.018298406,19.729432027709375,-46.0451440559743,13.63343,1.8176136,1.1251582
65188090203295744,56.27211037045957,23.70246592516979,7.47060055813846,0.019710807,19.74960133387602,-46.401071174135026,8.888269,0.5366392,1.1877493
65286595275655296,56.04135549227821,24.247034387183636,3.0711300512882413,0.023720574,3.182943767155258,-24.91007508274549,10.079808,0.7940588,1.2764484
64988803720689408,57.085813664095504,23.51687667697139,7.206584546538967,0.15694188,19.379611669304243,-44.93597341377126,17.757591,3.3266983,1.0376607
65201039527567232,56.51159600199895,23.73718212047578,7.4257959863862055,0.016195484,19.495712257918264,-44.25712868823951,12.133683,1.7130537,1.0954742
64997187496822144,57.2638451264275,23.6396693470675,3.6768490321452667,0.025514672,11.468380696350508,-12.045917616971783,14.520307,1.5613651,1.0926647
64998905483757568,57.082701624279416,23.603137970026417,7.327464562394925,0.037981857,20.807873955640147,-44.44900236993458,15.042486,2.4323664,0.97364295
65235815879812352,56.01271322729646,23.83312212261152,3.8798988163149017,0.11030849,-12.944642012904403,-8.36254173083357,17.470816,2.5539265,0.9509266
65221797106512256,56.4719565969283,24.068525911324134,4.15208113659164,0.13541427,-12.167499725576143,-7.202332169488098,17.656393,2.5377312,0.9775791
65232066371441792,55.9155727826314,23.69221985705829,7.244614096975412,0.13935013,19.969143551789713,-45.53035596799632,17.853973,3.311489,0.9533538
65242412949567488,56.096537599744195,23.91526374690141,7.386750550093463,0.028979316,-52.36850374353201,-54.43547185662291,14.967197,2.2740927,0.99821377
65268418975091328,56.19372506680522,24.055994981265204,4.140373222876037,0.1626233,19.109888383563472,-19.563599205527215,17.871836,2.7625427,1.0087597
65270450496044416,56.31729783783005,24.12099472373946,7.52998049381524,0.038131975,19.870546455968466,-44.98035671662727,15.178773,2.4735107,1.1365216
65173620458875008,56.462718551320094,23.621278347196252,7.224087278284057,0.11069285,20.374159257125207,-44.819773567344086,16.997486,2.724594,0.98196167
65280071222749824,56.51448084262988,24.349022127316783,6.737441502552408,0.061634224,18.420127567135655,-41.82671249431167,16.561602,2.9492044,1.1101922
65225851555715328,56.726951308177455,24.111718134110838,4.400094431494993,0.02148818,38.34638289817695,-29.436072583747098,13.91212,1.5366411,1.067094
65287458566524928,56.20099235353907,24.28926774500748,7.385246890845397,0.0723769,19.84914439143686,-44.96559622643841,5.4413247,-0.021222115,0.9633128
66507607237589632,57.44612229613704,23.846533745635025,4.338061154408367,0.073182724,23.71631920209358,-23.70255613298064,16.64261,2.23668,0.9642542
66529975427235712,57.296830774548276,24.136498420483132,7.241378315608465,0.1255347,19.49605376673818,-47.64989929604236,5.203287,-0.033113003,1.3034941
66558047333433600,57.4848007751977,24.33411385054163,3.332057539867478,0.12109814,5.015314111717212,-5.035631292861682,17.5376,2.7035465,0.99386805
66436207701471616,57.61015337098503,23.57238147452121,3.6518379528393705,0.024167698,-3.7319601888691327,-15.438720166673859,11.22926,0.74719715,1.3536547
66567427541958784,57.729165547344984,24.550845313923535,6.968903348659405,0.0823591,17.490161314711415,-42.371268198107416,16.955412,3.0626907,1.0843304
66501181966524800,57.38809269499062,23.795195713242105,7.263685576556919,0.016816406,19.92369547226627,-43.75212075508752,10.746968,0.8867178,1.1350733
66511970924353792,57.385640805744764,23.928295867174427,7.528337727096914,0.06445256,18.378447709251535,-45.352257911091556,16.304827,2.9060163,1.0333118
66541142342159232,57.6768887678008,24.21524450768627,7.334389583114657,0.09518787,19.76106528764419,-44.78950070037432,17.168797,3.0609894,1.0646722
66751114702020224,57.2026566550561,24.50413825124732,3.514660357403334,0.09641915,20.788879333795606,-43.22258735326539,17.344902,2.5845547,1.0962728
66782897460055424,56.74397999975443,24.46092173710442,7.467139144883223,0.048534807,19.301604877866893,-46.139399761153214,16.011278,2.8537579,1.0880636
66788253282520192,56.589064965453765,24.56438443480984,7.178588553994465,0.10578913,19.246538812863587,-44.22326675288659,17.185026,3.2691002,1.0056987
66788291938818304,56.59455349459927,24.569949769064657,7.393670835522528,0.015775258,19.683164514250493,-44.9936072177932,10.296593,0.8218441,0.8482524
66736752331417856,57.0212338347733,24.392601809399977,3.5123337945727156,0.028755158,-15.041656487757665,-27.21630025946171,14.795305,1.6532068,1.0188859
66745617143891968,57.340716620829006,24.380752387790455,7.189385624305486,0.036079854,18.566769795996994,-45.34756663616908,6.604883,-0.032555103,0.9828397
66774513683782912,57.33590317007083,24.776462360298346,7.349364198624109,0.015047797,19.201379543302817,-44.489666559611294,12.459594,1.3729849,1.1289179
68294897745956096,55.87643841693946,24.42584182338158,3.7221473345539184,0.047791075,-7.834061836750272,-11.697359467362057,15.8746605,2.1468725,1.0709636
68296650092601088,55.93219893605275,24.487532595140085,7.324938514001506,0.038560495,19.112839839652107,-46.1780430803015,15.147523,2.505106,1.1733079
69810540165143936,56.12020476623476,24.747679053666282,4.262661327339834,0.16365586,2.2799950093734633,-9.144644565876728,17.903364,3.1515827,1.0353917
64923279699744256,57.25981898022836,23.25223911265763,7.266831729278644,0.020944558,19.730996700492646,-44.42819858102819,11.473286,1.0477657,1.1447881
64980832261312640,56.70879817515686,23.53208141913091,7.435614097188134,0.04823119,20.87945193664808,-45.02175262335697,16.288599,2.929678,0.9718782
65005262035285888,56.76583191330965,23.616114992542006,7.209191094463601,0.022680594,20.780047946237538,-44.242085995364654,14.2646475,2.4753046,1.1201135
65007083101413888,56.861890197773505,23.678126852419382,7.472988365635405,0.031553023,21.72387551654079,-45.70969458878078,7.7467694,0.21737766,1.009509
64960285137896448,56.74102351161887,23.212687031094,3.5999040057875575,0.07155602,27.721417278197812,-47.97121214427325,16.645393,2.384534,0.946373
64962174923490304,56.88419556070246,23.30633191106529,7.339722266111578,0.06421835,20.729001925708243,-45.43158657295105,16.41158,2.891183,1.0396391
65170704175685248,56.43231334358034,23.541798230540337,3.111767607250106,0.095613286,8.052017214049515,-13.34165986471163,16.870358,2.644289,1.1342859
64963377514329984,56.84184912038183,23.359958000577215,7.456198708615304,0.06880964,21.312007944847327,-44.50127002300362,16.68825,3.053584,0.9374413
65000417312240896,57.04676066618868,23.66195219778092,7.2799358540794135,0.077106945,19.68836366974725,-45.0455575658892,15.7003355,2.3947048,1.0621207
65181115176348544,56.068656980543835,23.61763077488844,7.450890340933603,0.03957465,22.5414303663053,-47.5949810700541,15.794596,2.9484844,1.036575
65086591535491584,56.00257297938471,23.543743984874723,7.297531268657663,0.015349895,19.55870683741184,-44.75242968274938,10.823086,0.98379326,1.1061329
65293368441513344,56.07404213069598,24.446187902212245,7.20733365805876,0.041400734,20.16911764248763,-44.66621639384996,15.395012,2.6234732,1.1538252
65211420466124288,56.634053898829066,23.982728265065944,6.932438687098164,0.038072303,43.61427639813496,-58.19705442761651,12.771411,1.8954716,1.0959525
65213172812266752,56.74283055817035,24.027995653471557,7.449628020763334,0.09741063,19.211601348098558,-43.36324766229127,17.144829,3.16395,0.95862824
65224614605149440,56.53733616096012,24.072187424112048,4.519086999886653,0.017121036,-15.129150799021858,-85.67553665648119,13.729893,1.4745445,1.0520915
65225469302220800,56.71438897122719,24.10432284781211,7.422710671658224,0.14431289,21.454720070774023,-45.221757813240025,17.444145,3.2574387,1.0897739
66468918172339328,57.89280600086858,23.797032725739253,7.242062708797047,0.08368073,19.108210218397666,-45.41617175629843,17.061905,3.0967865,0.96364164
66509771901085696,57.5519498137871,23.926474495876295,7.457034070158453,0.075219125,20.69247400212095,-45.6571137814936,16.25907,3.2133503,1.1878479
66551686483467904,57.49815604974855,24.19589894135323,7.205215857775971,0.117894374,19.92888791242963,-43.61824072889623,17.795551,3.351303,1.0355865
66523103479455744,57.1327139051166,24.0328031975566,7.1438013870737755,0.07595504,18.53827523276147,-44.38353799103615,16.80336,3.041832,0.99710137
66728089380492160,56.799503754015504,24.23144167346539,7.1911527684325165,0.16482066,19.07404745779211,-43.299155859962404,17.551449,3.3815842,1.2849022
66808839062339712,56.68666506758425,24.74939162434088,7.382649848312971,0.09851447,20.16782120245168,-44.18388468038046,17.464863,3.2632523,1.030175
66746304338663296,57.276918852637735,24.39656523584322,3.2736847530619158,0.13304041,-0.5466273377264577,-6.42249404258234,17.876984,2.453476,1.0615861
66786539592171392,56.602739910078235,24.479398837694735,7.320709076268946,0.06251443,20.307721821964204,-45.75159001135238,16.471231,2.893527,1.1160098
66776884505742848,57.19404250615259,24.79234019589355,4.3816455691255705,0.041780047,78.41233158107215,-30.825097336234297,15.264564,2.130806,1.2007607
66715273197982848,56.83070036887997,24.138920132623063,7.269312246192696,0.027773846,19.017069653993058,-43.927570681464154,8.243902,0.35392094,0.874114
66795640625507456,56.76778400512276,24.65837369440669,3.325609550478002,0.08336372,36.181439406966774,-27.85083330115854,17.26492,2.60219,1.0568544
66765820670018304,57.21555010878342,24.624557487720235,3.9014300786424063,0.062477708,18.570982828764244,-28.53061322348354,16.152433,2.126895,1.0064323
66802207632871808,56.31946543928191,24.575481115491094,7.666701713472894,0.037823208,20.82255034321436,-47.73125292623668,15.082205,2.545967,1.0978314
66873675890029952,57.32669282077237,24.940204177040435,4.466245382112969,0.06832613,6.704281589243597,-34.28370298186868,16.497486,2.5090942,1.0793108
66729674225341696,56.85469975761968,24.25462065234576,7.5495680701742245,0.100397095,21.087168165577484,-46.027592700818865,17.056747,3.0545607,0.9836351
66750358787789056,57.177946533093994,24.4552402956949,7.938158096015889,0.10993434,19.43070052995618,-47.815166188835946,17.649462,3.2462635,1.0535691
66809491897360896,56.728918631435576,24.796134519995736,7.406586641921977,0.01864788,19.300650310901055,-46.34158408595681,10.408444,0.83399963,1.0771662
65017837699513216,56.81715564811438,23.818886404774034,10.23060400306021,0.016183002,-33.733062525692695,2.526994674374886,10.673792,0.97460747,0.77084535
64963514953278848,56.87189584862981,23.38812636670652,6.45950216169396,0.06539495,8.160627816938922,-11.689587723108463,16.15623,3.2616482,1.231375
65168844452782208,56.318456582513555,23.566974495922615,7.089320664949418,0.13253304,19.654261864324322,-44.79677199809907,17.820105,3.373333,0.9112794
65175510242062464,56.37466219168723,23.6495366889206,3.326576882942547,0.13220985,6.018178555923904,13.617318112757923,17.998907,2.929184,0.99357444
65008010814357248,56.68002306054683,23.62260295725321,7.331377767684079,0.10076093,19.032958763484334,-44.73395614195889,17.381496,3.1402092,1.0776341
65211145587780992,56.64972601817595,23.966825124571223,7.232270978962829,0.021978041,19.293091542047552,-44.06839315224453,13.736212,1.8533316,1.0316483
65212107660378880,56.767658409458,23.995012914402537,7.401981307676885,0.027329711,21.32317472970832,-45.436982058241185,8.332108,0.411232,0.8982019
65212760495396736,56.855682971871175,24.04895316921223,7.381110433788618,0.04158474,18.361796049409968,-45.828109859833404,15.390224,2.497138,1.0565096
65214409762926720,56.454022199513645,23.852686378846506,7.4607736871596835,0.016927756,21.187427183234853,-45.39186369950472,13.566717,1.7800312,0.9892889
65214856439472640,56.46044167389074,23.873754046000364,7.212553394372475,0.014310282,19.875287535982068,-44.652175526037105,13.134053,1.6774006,1.0177566
65241313437941504,56.13322156163397,23.875211468904485,7.357232412939338,0.03812598,19.612794179791926,-46.53499963859164,14.404743,2.4776735,0.9595992
65163797868281088,56.358294965270254,23.430022924426066,5.95676284789145,0.015438841,16.15513381249811,-35.83494257628211,11.943017,1.2685184,0.9288403
65264265743073664,55.80795604722713,24.138891393665382,6.673477196017344,0.070504464,11.739731914826127,-15.333930859611272,17.005173,3.0533924,1.0036447
65266774003968128,55.89229628391729,24.251343065350863,3.9512678161079844,0.050012365,34.66605242059553,-29.592831709469426,16.12766,2.1338387,1.0083464
65194584193758336,56.26375187558317,23.839209317701982,7.434634406907008,0.016497875,20.34332411764256,-45.77202907717511,11.684071,1.1114388,1.0351657
66452837814831360,57.521277532755526,23.69121578438048,9.173039056594874,0.09433254,47.115611853241965,22.37618805070592,17.16127,3.091526,1.0540673
66781626147028224,56.61738954399388,24.400993995217505,3.9087349406215455,0.10444014,31.685053391359325,25.902077299483462,17.168943,2.3974514,1.2113203
66554714438812928,57.5493045730534,24.29600394888421,5.854057728413541,0.015039054,-10.177939181620674,-15.290524601266547,12.945273,1.3621883,0.86728615
66793583338514816,56.70512196594524,24.599825599962905,7.386768646636278,0.02061157,19.352159230912562,-44.34839052032413,14.310514,2.1480045,1.1212512
66738951354653440,57.11045998811587,24.474390057226024,3.849604870018203,0.10835322,2.087237559552253,-15.457445923587533,17.664429,2.635809,0.99325156
66762178537698560,57.46002693944926,24.763512546221943,10.48555500160664,0.0283632,59.46483076664638,-42.0178526530264,15.0992155,2.6131544,1.0565796
66852063614717952,57.647758330246894,24.73865476729171,3.301511460758813,0.024869248,-1.8715433102867742,-9.83580517658296,14.608102,1.6207819,1.086063
66784336272867456,56.51664248149457,24.38577891175629,8.757279396414704,0.14450976,36.41008614650336,-6.6465005396930446,17.941526,2.6205997,0.79479754
66818322350220416,57.09512296362547,24.814693582624564,7.455007092647663,0.054515798,20.025932282537518,-47.51493543992956,15.761837,2.6874208,1.0198263
66765855029760768,57.18905902932668,24.62379553563966,7.2470152566928165,0.12882957,18.353170480447446,-47.146310391060766,17.289736,3.2267857,1.0324576
66800661444626176,56.5383224075622,24.634049991941655,3.369478341352129,0.016475923,20.82930339049333,-27.791766558138484,13.061589,1.1121302,1.0443622
66802963547106048,56.36812672779973,24.644874057774263,3.042867110937971,0.05785825,12.319758799487325,-3.6125897392133766,15.886577,2.0122337,1.026048
66798290622896000,56.479488914531615,24.547713831870237,4.971572522307612,0.09710628,-5.069734493017471,-31.325516739964286,16.531052,2.6179752,0.9337806
66868831166915328,57.49776834668288,24.87678216152499,4.2275177813519536,0.07822499,-5.687352190209824,-55.183231811056196,17.02499,2.612156,1.0602862
68293729514855040,55.930266895087854,24.374390241889614,7.41282032449915,0.03310445,19.47970969626966,-40.04826146758642,8.198288,0.34831095,1.0340874
68294554148575232,55.90390788823755,24.39378107217672,7.396111724020851,0.018691756,19.55133983597039,-44.492940934097646,13.636955,1.8262539,1.0529833
68296890611072384,56.01485828940102,24.50404176791731,7.386998687843288,0.018833453,22.07258673357898,-45.87187150601032,10.5296545,0.90413,1.0499159
